Sl. No.,Food Commodities,Units,State/UT,2018,2019,2020,2021,2022,2023
1,Annual Average Retail Prices of Rice,Unit - (Rs./Kg.),Andaman and Nicobar,34.15,38.82,43.11,42.75,44.6,41.22
2,Annual Average Retail Prices of Rice,Unit - (Rs./Kg.),Andhra Pradesh,31.63,35.11,41.72,46.13,48.65,51.52
3,Annual Average Retail Prices of Rice,Unit - (Rs./Kg.),Arunachal Pradesh,29.59,31.95,32.51,25.79,28.57,33
4,Annual Average Retail Prices of Rice,Unit - (Rs./Kg.),Assam,30,30,31.51,35.39,33.22,38.03
5,Annual Average Retail Prices of Rice,Unit - (Rs./Kg.),Bihar,31.13,30.83,30.12,33.11,36.09,36.37
6,Annual Average Retail Prices of Rice,Unit - (Rs./Kg.),Chandigarh,28,27.98,31.09,36.03,38.01,38.58
7,Annual Average Retail Prices of Rice,Unit - (Rs./Kg.),Chhattisgarh,25.58,26.22,26.55,31.56,33.33,35.41
8,Annual Average Retail Prices of Rice,Unit - (Rs./Kg.),Delhi,34.46,34.65,34.61,30.93,32.15,37.96
9,Annual Average Retail Prices of Rice,Unit - (Rs./Kg.),Goa,41.74,42,43.62,40.67,40.96,42.98
10,Annual Average Retail Prices of Rice,Unit - (Rs./Kg.),Gujarat,23.35,23,26.93,33.62,34.43,36.13
11,Annual Average Retail Prices of Rice,Unit - (Rs./Kg.),Haryana,30.51,30.09,31.58,32.1,33.46,37.87
12,Annual Average Retail Prices of Rice,Unit - (Rs./Kg.),Himachal Pradesh,31.28,31.74,32.53,33.07,32.78,34.26
13,Annual Average Retail Prices of Rice,Unit - (Rs./Kg.),Jammu and Kashmir,30.92,34.5,41.57,35.3,36.53,38.22
14,Annual Average Retail Prices of Rice,Unit - (Rs./Kg.),Jharkhand,34.83,34.8,34.8,30.67,33.71,36.17
15,Annual Average Retail Prices of Rice,Unit - (Rs./Kg.),Karnataka,44.73,44.68,44.94,46.17,45.98,50.55
16,Annual Average Retail Prices of Rice,Unit - (Rs./Kg.),Kerala,37.94,37.7,39.54,39.19,47.71,51
17,Annual Average Retail Prices of Rice,Unit - (Rs./Kg.),Madhya Pradesh,25.08,26.69,27.58,34.55,32.91,34.59
18,Annual Average Retail Prices of Rice,Unit - (Rs./Kg.),Maharashtra,35.4,37.08,41.54,37.64,38.75,44.22
19,Annual Average Retail Prices of Rice,Unit - (Rs./Kg.),Manipur,44.36,44.06,47.28,44.83,41.08,39.66
20,Annual Average Retail Prices of Rice,Unit - (Rs./Kg.),Meghalaya,32.74,31.35,32.02,28.85,26.08,31.59
21,Annual Average Retail Prices of Rice,Unit - (Rs./Kg.),Mizoram,30,30.25,30.13,43.8,46.88,46.38
22,Annual Average Retail Prices of Rice,Unit - (Rs./Kg.),Nagaland,24.96,27.21,26.75,24.87,32.42,36.44
23,Annual Average Retail Prices of Rice,Unit - (Rs./Kg.),Orissa,26.8,27.97,27.74,29.36,31.09,33.93
24,Annual Average Retail Prices of Rice,Unit - (Rs./Kg.),Puducherry,31.42,31.95,35.74,45.87,33.89,40.13
25,Annual Average Retail Prices of Rice,Unit - (Rs./Kg.),Punjab,30.74,32.26,30.95,35.41,35.67,35.06
26,Annual Average Retail Prices of Rice,Unit - (Rs./Kg.),Rajasthan,27.61,30.54,37.43,39.03,36.6,38.34
27,Annual Average Retail Prices of Rice,Unit - (Rs./Kg.),Sikkim,56.2,57.16,54.46,57.92,52.22,54.48
28,Annual Average Retail Prices of Rice,Unit - (Rs./Kg.),Tamil Nadu,34.28,38.86,46.08,46.79,48.12,51.99
29,Annual Average Retail Prices of Rice,Unit - (Rs./Kg.),Telangana,28.08,33.06,38.55,40.84,41.48,44.79
30,Annual Average Retail Prices of Rice,Unit - (Rs./Kg.),Dadra and Nagar Haveli and Daman and Diu,NA,NA,NA,NA,38.45,40.38
31,Annual Average Retail Prices of Rice,Unit - (Rs./Kg.),Tripura,31,30.97,31.25,31.46,38.66,34.14
32,Annual Average Retail Prices of Rice,Unit - (Rs./Kg.),Uttar Pradesh,25.53,27.72,28.57,32.62,33.29,35.11
33,Annual Average Retail Prices of Rice,Unit - (Rs./Kg.),Uttarakhand,23.36,25.31,26.8,29.01,32.9,34.5
34,Annual Average Retail Prices of Rice,Unit - (Rs./Kg.),West Bengal,29.52,30.36,31.94,33.64,38.79,42.25
35,Annual Average Retail Prices of Wheat,Unit - (Rs./Kg.),Andaman and Nicobar,35.25,38.48,41.52,41.72,39.89,39.82
36,Annual Average Retail Prices of Wheat,Unit - (Rs./Kg.),Andhra Pradesh,29.08,31.2,33.25,34.61,37.85,40.96
37,Annual Average Retail Prices of Wheat,Unit - (Rs./Kg.),Arunachal Pradesh,25,34.86,32.04,25,39.98,41.55
38,Annual Average Retail Prices of Wheat,Unit - (Rs./Kg.),Assam,27.05,27.7,25.34,24.98,28.66,31.96
39,Annual Average Retail Prices of Wheat,Unit - (Rs./Kg.),Bihar,20,21.42,21.35,19.87,25.29,27.15
40,Annual Average Retail Prices of Wheat,Unit - (Rs./Kg.),Chandigarh,23,23.76,22.81,20.88,22.96,28.26
41,Annual Average Retail Prices of Wheat,Unit - (Rs./Kg.),Chhattisgarh,25.23,26.24,27.99,28.68,29.6,32.55
42,Annual Average Retail Prices of Wheat,Unit - (Rs./Kg.),Delhi,21.61,23.88,21.75,22.58,25.33,28.79
43,Annual Average Retail Prices of Wheat,Unit - (Rs./Kg.),Goa,30.47,31.9,33.79,35.31,38.89,42.78
44,Annual Average Retail Prices of Wheat,Unit - (Rs./Kg.),Gujarat,20.46,21.36,24.3,26.37,30.16,32.53
45,Annual Average Retail Prices of Wheat,Unit - (Rs./Kg.),Haryana,19.82,19.96,22.12,21.83,23.78,25.62
46,Annual Average Retail Prices of Wheat,Unit - (Rs./Kg.),Himachal Pradesh,NA,20,20,25.49,25.29,21.9
47,Annual Average Retail Prices of Wheat,Unit - (Rs./Kg.),Jammu and Kashmir,21.22,23.34,26.35,25.8,28.92,29.6
48,Annual Average Retail Prices of Wheat,Unit - (Rs./Kg.),Jharkhand,25.29,28.1,29.19,23.89,27.23,30.88
49,Annual Average Retail Prices of Wheat,Unit - (Rs./Kg.),Karnataka,31.84,33.58,34.09,33.67,36.17,40.97
50,Annual Average Retail Prices of Wheat,Unit - (Rs./Kg.),Kerala,35.36,35.11,35.31,35.95,40.22,43.9
51,Annual Average Retail Prices of Wheat,Unit - (Rs./Kg.),Madhya Pradesh,19.58,21.84,22.63,22.76,26.07,26.93
52,Annual Average Retail Prices of Wheat,Unit - (Rs./Kg.),Maharashtra,27.09,30.77,34.33,32.17,34.13,37.25
53,Annual Average Retail Prices of Wheat,Unit - (Rs./Kg.),Manipur,NA,NA,NA,NA,29.82,30
54,Annual Average Retail Prices of Wheat,Unit - (Rs./Kg.),Meghalaya,30.78,37.04,33.35,31.87,34.33,38.88
55,Annual Average Retail Prices of Wheat,Unit - (Rs./Kg.),Mizoram,NA,NA,20,39.81,39.96,40.49
56,Annual Average Retail Prices of Wheat,Unit - (Rs./Kg.),Nagaland,36.8,33.65,45.17,34.22,37.58,40.22
57,Annual Average Retail Prices of Wheat,Unit - (Rs./Kg.),Orissa,30.89,32.57,33.64,32.88,34.03,36.93
58,Annual Average Retail Prices of Wheat,Unit - (Rs./Kg.),Puducherry,34.64,37.4,36.94,36.95,38.03,39.7
59,Annual Average Retail Prices of Wheat,Unit - (Rs./Kg.),Punjab,19.51,21.29,21.94,21.27,22.69,24.97
60,Annual Average Retail Prices of Wheat,Unit - (Rs./Kg.),Rajasthan,19.69,22.89,22.87,24.93,29.3,29.82
61,Annual Average Retail Prices of Wheat,Unit - (Rs./Kg.),Sikkim,24.02,26.18,28.53,25.75,31.7,36.12
62,Annual Average Retail Prices of Wheat,Unit - (Rs./Kg.),Tamil Nadu,31.51,34.7,35.93,36.14,38.48,42.42
63,Annual Average Retail Prices of Wheat,Unit - (Rs./Kg.),Telangana,27.61,29.06,31.31,32.17,34.19,37.2
64,Annual Average Retail Prices of Wheat,Unit - (Rs./Kg.),Dadra and Nagar Haveli and Daman and Diu,NA,NA,NA,NA,30.93,32.77
65,Annual Average Retail Prices of Wheat,Unit - (Rs./Kg.),Uttar Pradesh,19.22,21.04,21.59,22.07,25.36,25.83
66,Annual Average Retail Prices of Wheat,Unit - (Rs./Kg.),Uttarakhand,21.41,22.83,23.59,21.93,25.18,26.9
67,Annual Average Retail Prices of Wheat,Unit - (Rs./Kg.),West Bengal,17.53,20.09,20.89,22.28,23.7,28.15
68,Annual Average Retail Prices of Atta (Wheat),Unit - (Rs./Kg.),Andaman and Nicobar,50.69,50.84,55.04,56.64,62.76,65.88
69,Annual Average Retail Prices of Atta (Wheat),Unit - (Rs./Kg.),Andhra Pradesh,29.98,31.32,36.8,38.12,40.72,42.92
70,Annual Average Retail Prices of Atta (Wheat),Unit - (Rs./Kg.),Arunachal Pradesh,30,30,34.32,34.69,39.61,40.29
71,Annual Average Retail Prices of Atta (Wheat),Unit - (Rs./Kg.),Assam,29.57,31.05,31.07,29.42,34.1,37.02
72,Annual Average Retail Prices of Atta (Wheat),Unit - (Rs./Kg.),Bihar,24.17,25.45,25.59,24.54,30.94,33.45
73,Annual Average Retail Prices of Atta (Wheat),Unit - (Rs./Kg.),Chandigarh,25,26.01,26.02,23.6,27.74,34.78
74,Annual Average Retail Prices of Atta (Wheat),Unit - (Rs./Kg.),Chhattisgarh,26.28,28.84,31.12,31.2,33.36,36.43
75,Annual Average Retail Prices of Atta (Wheat),Unit - (Rs./Kg.),Delhi,24.41,26.41,25.28,24.48,28.49,31.13
76,Annual Average Retail Prices of Atta (Wheat),Unit - (Rs./Kg.),Goa,28.01,30.11,30.77,30.92,34.81,41.37
77,Annual Average Retail Prices of Atta (Wheat),Unit - (Rs./Kg.),Gujarat,22.78,22.74,26.01,27.46,31.98,35.5
78,Annual Average Retail Prices of Atta (Wheat),Unit - (Rs./Kg.),Haryana,23.95,23.6,25.38,25.71,29.41,32.67
79,Annual Average Retail Prices of Atta (Wheat),Unit - (Rs./Kg.),Himachal Pradesh,23.76,25.61,25.93,24.68,28.85,31.91
80,Annual Average Retail Prices of Atta (Wheat),Unit - (Rs./Kg.),Jammu and Kashmir,23.46,27.17,29.81,29.68,36.72,40.4
81,Annual Average Retail Prices of Atta (Wheat),Unit - (Rs./Kg.),Jharkhand,24.87,26.86,27.51,25.98,30.53,34.6
82,Annual Average Retail Prices of Atta (Wheat),Unit - (Rs./Kg.),Karnataka,35.02,35.58,36.76,37.8,42.55,44.73
83,Annual Average Retail Prices of Atta (Wheat),Unit - (Rs./Kg.),Kerala,36.81,36.14,37.1,39.16,43.24,47.21
84,Annual Average Retail Prices of Atta (Wheat),Unit - (Rs./Kg.),Madhya Pradesh,22.64,24.48,24.92,28.35,30.8,32.75
85,Annual Average Retail Prices of Atta (Wheat),Unit - (Rs./Kg.),Maharashtra,29.97,30.9,36.32,36.61,39.81,41.89
86,Annual Average Retail Prices of Atta (Wheat),Unit - (Rs./Kg.),Manipur,31.33,34.91,40.26,37.29,36.9,42.6
87,Annual Average Retail Prices of Atta (Wheat),Unit - (Rs./Kg.),Meghalaya,30,31.98,31.3,30.61,33.17,38.18
88,Annual Average Retail Prices of Atta (Wheat),Unit - (Rs./Kg.),Mizoram,25,24.5,42.96,49.63,42.74,43.48
89,Annual Average Retail Prices of Atta (Wheat),Unit - (Rs./Kg.),Nagaland,30.8,32.74,37.89,33.08,41.2,44.13
90,Annual Average Retail Prices of Atta (Wheat),Unit - (Rs./Kg.),Orissa,24.83,27.23,28.49,28.65,34.08,39.23
91,Annual Average Retail Prices of Atta (Wheat),Unit - (Rs./Kg.),Puducherry,28.05,32,32.97,43.26,33.98,35.02
92,Annual Average Retail Prices of Atta (Wheat),Unit - (Rs./Kg.),Punjab,22.16,23.47,25.81,27.91,27.28,29.08
93,Annual Average Retail Prices of Atta (Wheat),Unit - (Rs./Kg.),Rajasthan,22.51,25.02,26.97,27.51,32.05,32.92
94,Annual Average Retail Prices of Atta (Wheat),Unit - (Rs./Kg.),Sikkim,30.35,31.92,33.71,30.12,36.28,41.81
95,Annual Average Retail Prices of Atta (Wheat),Unit - (Rs./Kg.),Tamil Nadu,31.95,36.63,38.93,42.1,45.29,49.53
96,Annual Average Retail Prices of Atta (Wheat),Unit - (Rs./Kg.),Telangana,29.18,31.25,34.73,40.63,39.15,41.08
97,Annual Average Retail Prices of Atta (Wheat),Unit - (Rs./Kg.),Dadra and Nagar Haveli and Daman and Diu,NA,NA,NA,NA,34.37,36.86
98,Annual Average Retail Prices of Atta (Wheat),Unit - (Rs./Kg.),Tripura,29.5,28.86,36.84,30.45,33.9,38.45
99,Annual Average Retail Prices of Atta (Wheat),Unit - (Rs./Kg.),Uttar Pradesh,22.32,24.04,25.41,25.89,29.92,31.67
100,Annual Average Retail Prices of Atta (Wheat),Unit - (Rs./Kg.),Uttarakhand,24.09,25.64,26.34,25.87,30.38,32.89
101,Annual Average Retail Prices of Atta (Wheat),Unit - (Rs./Kg.),West Bengal,23.69,25.32,26.56,28.85,31.1,36.86
102,Annual Average Retail Prices of Gram Dal,Unit - (Rs./Kg.),Andaman and Nicobar,72.58,79.55,82.76,86.62,84.06,84.62
103,Annual Average Retail Prices of Gram Dal,Unit - (Rs./Kg.),Andhra Pradesh,69.64,72.74,71.72,73.75,71.26,70.43
104,Annual Average Retail Prices of Gram Dal,Unit - (Rs./Kg.),Arunachal Pradesh,86.18,75.37,78.52,88.87,83.92,86.7
105,Annual Average Retail Prices of Gram Dal,Unit - (Rs./Kg.),Assam,61.09,65,66.49,71.47,68.26,73.21
106,Annual Average Retail Prices of Gram Dal,Unit - (Rs./Kg.),Bihar,59.51,60.42,61.37,70.87,68.3,68.04
107,Annual Average Retail Prices of Gram Dal,Unit - (Rs./Kg.),Chandigarh,55.81,55.56,60.19,70.14,74.74,73.57
108,Annual Average Retail Prices of Gram Dal,Unit - (Rs./Kg.),Chhattisgarh,64.93,65.51,65.69,76.97,73.11,71.99
109,Annual Average Retail Prices of Gram Dal,Unit - (Rs./Kg.),Delhi,73.02,73.96,75.49,73.1,71.37,72.06
110,Annual Average Retail Prices of Gram Dal,Unit - (Rs./Kg.),Goa,78.33,81.91,76.19,80.88,79.44,76.01
111,Annual Average Retail Prices of Gram Dal,Unit - (Rs./Kg.),Gujarat,61.7,58.74,60.4,69.01,68.9,73.83
112,Annual Average Retail Prices of Gram Dal,Unit - (Rs./Kg.),Haryana,60.55,60.15,62.38,70.93,67.59,64.62
113,Annual Average Retail Prices of Gram Dal,Unit - (Rs./Kg.),Himachal Pradesh,61.57,64.38,66.61,72.08,68.37,69.58
114,Annual Average Retail Prices of Gram Dal,Unit - (Rs./Kg.),Jammu and Kashmir,64.53,68.86,73.54,79.73,81.55,83.87
115,Annual Average Retail Prices of Gram Dal,Unit - (Rs./Kg.),Jharkhand,63.91,69.12,70.3,71.9,71.57,71.98
116,Annual Average Retail Prices of Gram Dal,Unit - (Rs./Kg.),Karnataka,80.33,70.06,71.74,80.58,75.54,79.03
117,Annual Average Retail Prices of Gram Dal,Unit - (Rs./Kg.),Kerala,74.38,75.73,77.65,89.57,95.25,93.72
118,Annual Average Retail Prices of Gram Dal,Unit - (Rs./Kg.),Madhya Pradesh,61.99,59.74,64.77,77.18,68.95,69.94
119,Annual Average Retail Prices of Gram Dal,Unit - (Rs./Kg.),Maharashtra,66.99,67.3,76.1,76.65,71.46,70.86
120,Annual Average Retail Prices of Gram Dal,Unit - (Rs./Kg.),Manipur,90.93,77.85,79.9,83.14,80.94,77.9
121,Annual Average Retail Prices of Gram Dal,Unit - (Rs./Kg.),Meghalaya,72.25,74.67,80.49,81.9,79.98,77.78
122,Annual Average Retail Prices of Gram Dal,Unit - (Rs./Kg.),Mizoram,NA,92.64,114.1,133.6,98.31,96.66
123,Annual Average Retail Prices of Gram Dal,Unit - (Rs./Kg.),Nagaland,72.41,64.46,65.53,80.75,93.73,97.92
124,Annual Average Retail Prices of Gram Dal,Unit - (Rs./Kg.),Orissa,58.13,62.61,65.45,70.12,68.22,69.03
125,Annual Average Retail Prices of Gram Dal,Unit - (Rs./Kg.),Puducherry,66.78,74.87,71.55,79.59,76.12,75.17
126,Annual Average Retail Prices of Gram Dal,Unit - (Rs./Kg.),Punjab,69.01,66.04,63.3,77.01,76.1,74.57
127,Annual Average Retail Prices of Gram Dal,Unit - (Rs./Kg.),Rajasthan,58.29,56.61,61.01,70.61,74.75,70.49
128,Annual Average Retail Prices of Gram Dal,Unit - (Rs./Kg.),Sikkim,67.51,65,66.38,81.01,82.38,80.3
129,Annual Average Retail Prices of Gram Dal,Unit - (Rs./Kg.),Tamil Nadu,65.42,71.21,73.22,77.2,74.99,74.17
130,Annual Average Retail Prices of Gram Dal,Unit - (Rs./Kg.),Telangana,79,65.01,65.52,69.55,69.76,69.44
131,Annual Average Retail Prices of Gram Dal,Unit - (Rs./Kg.),Dadra and Nagar Haveli and Daman and Diu,NA,NA,NA,NA,76.25,77.1
132,Annual Average Retail Prices of Gram Dal,Unit - (Rs./Kg.),Tripura,64.77,65.78,62.94,76.47,75.08,74.6
133,Annual Average Retail Prices of Gram Dal,Unit - (Rs./Kg.),Uttar Pradesh,60.21,63.04,65.11,73.69,71.64,70.6
134,Annual Average Retail Prices of Gram Dal,Unit - (Rs./Kg.),Uttarakhand,69.79,64.38,64.25,78.32,89.3,82.79
135,Annual Average Retail Prices of Gram Dal,Unit - (Rs./Kg.),West Bengal,70.64,68.88,73.95,76.21,75.74,74.36
136,Annual Average Retail Prices of Tur/Arhar Dal,Unit - (Rs./Kg.),Andaman and Nicobar,75.54,91.59,107.9,113.4,118.1,134.6
137,Annual Average Retail Prices of Tur/Arhar Dal,Unit - (Rs./Kg.),Andhra Pradesh,66.41,77.71,94.65,104.6,108.9,122.8
138,Annual Average Retail Prices of Tur/Arhar Dal,Unit - (Rs./Kg.),Arunachal Pradesh,89.7,90.82,100.6,101.5,117.4,124.7
139,Annual Average Retail Prices of Tur/Arhar Dal,Unit - (Rs./Kg.),Assam,70,76.63,89.16,101.8,105,117.2
140,Annual Average Retail Prices of Tur/Arhar Dal,Unit - (Rs./Kg.),Bihar,69.45,81.67,89.92,101.5,104.1,116.1
141,Annual Average Retail Prices of Tur/Arhar Dal,Unit - (Rs./Kg.),Chandigarh,61.19,70.81,86.15,110.1,113.1,116.4
142,Annual Average Retail Prices of Tur/Arhar Dal,Unit - (Rs./Kg.),Chhattisgarh,69.53,83.38,91.62,97.04,96.82,111.6
143,Annual Average Retail Prices of Tur/Arhar Dal,Unit - (Rs./Kg.),Delhi,82.63,92.78,101.7,109.2,108.8,129.7
144,Annual Average Retail Prices of Tur/Arhar Dal,Unit - (Rs./Kg.),Goa,70.45,90.36,105.4,109.1,117.4,134.8
145,Annual Average Retail Prices of Tur/Arhar Dal,Unit - (Rs./Kg.),Gujarat,68.7,69.14,83.83,100.6,102.7,113.9
146,Annual Average Retail Prices of Tur/Arhar Dal,Unit - (Rs./Kg.),Haryana,75.76,75.68,93.38,102.4,101.2,107.6
147,Annual Average Retail Prices of Tur/Arhar Dal,Unit - (Rs./Kg.),Himachal Pradesh,70.37,81.18,95.69,107.4,106.3,119.9
148,Annual Average Retail Prices of Tur/Arhar Dal,Unit - (Rs./Kg.),Jammu and Kashmir,74.45,94.68,103.5,116.5,118.6,120.8
149,Annual Average Retail Prices of Tur/Arhar Dal,Unit - (Rs./Kg.),Jharkhand,68.8,86.25,95.78,98.93,100.7,116.8
150,Annual Average Retail Prices of Tur/Arhar Dal,Unit - (Rs./Kg.),Karnataka,73.6,84.79,100.8,105.9,106.8,125.8
151,Annual Average Retail Prices of Tur/Arhar Dal,Unit - (Rs./Kg.),Kerala,74.1,91.83,103.8,119.1,124.2,140.4
152,Annual Average Retail Prices of Tur/Arhar Dal,Unit - (Rs./Kg.),Madhya Pradesh,65.4,78.2,94.32,106.3,101.7,119.8
153,Annual Average Retail Prices of Tur/Arhar Dal,Unit - (Rs./Kg.),Maharashtra,67.12,81.32,96.14,107.8,111.6,126.8
154,Annual Average Retail Prices of Tur/Arhar Dal,Unit - (Rs./Kg.),Manipur,94.55,97.37,111,124.2,113.9,118.9
155,Annual Average Retail Prices of Tur/Arhar Dal,Unit - (Rs./Kg.),Meghalaya,65.47,86.05,114.8,111.7,109.8,115.7
156,Annual Average Retail Prices of Tur/Arhar Dal,Unit - (Rs./Kg.),Mizoram,80,98.3,119.6,138.4,125.9,115.4
157,Annual Average Retail Prices of Tur/Arhar Dal,Unit - (Rs./Kg.),Nagaland,72.12,78.57,94.5,107.9,116.4,119.9
158,Annual Average Retail Prices of Tur/Arhar Dal,Unit - (Rs./Kg.),Orissa,65.08,82.2,89.83,100.4,103.1,121.5
159,Annual Average Retail Prices of Tur/Arhar Dal,Unit - (Rs./Kg.),Puducherry,76.21,96.9,106.7,115.7,117.3,135.8
160,Annual Average Retail Prices of Tur/Arhar Dal,Unit - (Rs./Kg.),Punjab,76.3,81,90.75,109.1,115.3,122.7
161,Annual Average Retail Prices of Tur/Arhar Dal,Unit - (Rs./Kg.),Rajasthan,61.66,75.4,93,106.4,106.6,110.1
162,Annual Average Retail Prices of Tur/Arhar Dal,Unit - (Rs./Kg.),Sikkim,84.25,90.57,101.5,113.3,118.3,126.7
163,Annual Average Retail Prices of Tur/Arhar Dal,Unit - (Rs./Kg.),Tamil Nadu,71.81,91.1,102.7,107.6,112.1,136.6
164,Annual Average Retail Prices of Tur/Arhar Dal,Unit - (Rs./Kg.),Telangana,75.3,77.35,93.09,102,101.6,111.7
165,Annual Average Retail Prices of Tur/Arhar Dal,Unit - (Rs./Kg.),Dadra and Nagar Haveli and Daman and Diu,NA,NA,NA,NA,113.4,124.9
166,Annual Average Retail Prices of Tur/Arhar Dal,Unit - (Rs./Kg.),Tripura,NA,NA,NA,114.2,114.1,116.2
167,Annual Average Retail Prices of Tur/Arhar Dal,Unit - (Rs./Kg.),Uttar Pradesh,67.06,81.7,94.58,104.1,105.3,115.5
168,Annual Average Retail Prices of Tur/Arhar Dal,Unit - (Rs./Kg.),Uttarakhand,77.78,80.37,89.94,106.1,110.7,115
169,Annual Average Retail Prices of Tur/Arhar Dal,Unit - (Rs./Kg.),West Bengal,74.97,75.31,89.77,106.5,111.8,122.5
170,Annual Average Retail Prices of Urad Dal,Unit - (Rs./Kg.),Andaman and Nicobar,83.68,103.7,132.7,128.7,131.1,139.4
171,Annual Average Retail Prices of Urad Dal,Unit - (Rs./Kg.),Andhra Pradesh,73.19,82.49,109.4,114.7,115.9,120
172,Annual Average Retail Prices of Urad Dal,Unit - (Rs./Kg.),Arunachal Pradesh,99.41,93.7,106.9,117.3,119.8,121
173,Annual Average Retail Prices of Urad Dal,Unit - (Rs./Kg.),Assam,68.03,83.93,95.67,94.82,95.37,100.5
174,Annual Average Retail Prices of Urad Dal,Unit - (Rs./Kg.),Bihar,72.33,73.47,98.58,105,103.4,107.4
175,Annual Average Retail Prices of Urad Dal,Unit - (Rs./Kg.),Chandigarh,55.97,57.5,87.59,108.3,110.5,108.7
176,Annual Average Retail Prices of Urad Dal,Unit - (Rs./Kg.),Chhattisgarh,61.97,63.97,89.5,96.1,97.57,97.97
177,Annual Average Retail Prices of Urad Dal,Unit - (Rs./Kg.),Delhi,82.61,88.48,108.2,117.2,119.3,122.5
178,Annual Average Retail Prices of Urad Dal,Unit - (Rs./Kg.),Goa,88.11,95.64,123.6,119.3,117,117.4
179,Annual Average Retail Prices of Urad Dal,Unit - (Rs./Kg.),Gujarat,60.38,57.64,90.55,99.77,99.42,105
180,Annual Average Retail Prices of Urad Dal,Unit - (Rs./Kg.),Haryana,71.39,71.02,95.87,98.26,94.74,96.73
181,Annual Average Retail Prices of Urad Dal,Unit - (Rs./Kg.),Himachal Pradesh,65.09,74.09,97.87,104.3,103.3,109.3
182,Annual Average Retail Prices of Urad Dal,Unit - (Rs./Kg.),Jammu and Kashmir,73.99,85.67,103.2,112.9,117.8,118.7
183,Annual Average Retail Prices of Urad Dal,Unit - (Rs./Kg.),Jharkhand,62.42,76.98,98.91,104.2,100.9,102.9
184,Annual Average Retail Prices of Urad Dal,Unit - (Rs./Kg.),Karnataka,85.63,88.13,116.3,114.9,110.3,119.1
185,Annual Average Retail Prices of Urad Dal,Unit - (Rs./Kg.),Kerala,77.19,93.06,121.8,128.9,130.2,133.7
186,Annual Average Retail Prices of Urad Dal,Unit - (Rs./Kg.),Madhya Pradesh,61.83,64.53,79.68,96.03,93,98.33
187,Annual Average Retail Prices of Urad Dal,Unit - (Rs./Kg.),Maharashtra,72.56,73.47,99.43,115.6,108.9,112
188,Annual Average Retail Prices of Urad Dal,Unit - (Rs./Kg.),Manipur,93.49,90.79,125.3,127,124.7,129.7
189,Annual Average Retail Prices of Urad Dal,Unit - (Rs./Kg.),Meghalaya,75.55,81.45,116.8,114.8,116.2,120.2
190,Annual Average Retail Prices of Urad Dal,Unit - (Rs./Kg.),Mizoram,NA,141.2,120,133,127.9,114.8
191,Annual Average Retail Prices of Urad Dal,Unit - (Rs./Kg.),Nagaland,67.24,75.65,76.1,109,111.8,114.2
192,Annual Average Retail Prices of Urad Dal,Unit - (Rs./Kg.),Orissa,58.91,75.28,96.08,100.3,97.09,103.7
193,Annual Average Retail Prices of Urad Dal,Unit - (Rs./Kg.),Puducherry,79.76,98.89,121.5,123.4,120.7,121.6
194,Annual Average Retail Prices of Urad Dal,Unit - (Rs./Kg.),Punjab,70.52,74.92,95.3,111.8,117.7,111.4
195,Annual Average Retail Prices of Urad Dal,Unit - (Rs./Kg.),Rajasthan,57.89,62.79,90.45,100.3,102.3,103.9
196,Annual Average Retail Prices of Urad Dal,Unit - (Rs./Kg.),Sikkim,90.43,93.31,112.5,121.3,124.7,128.7
197,Annual Average Retail Prices of Urad Dal,Unit - (Rs./Kg.),Tamil Nadu,76.44,98.06,118.2,119.2,116.1,123.5
198,Annual Average Retail Prices of Urad Dal,Unit - (Rs./Kg.),Telangana,80.85,80.58,107.3,109.2,106.5,111
199,Annual Average Retail Prices of Urad Dal,Unit - (Rs./Kg.),Dadra and Nagar Haveli and Daman and Diu,NA,NA,NA,NA,117,118.8
200,Annual Average Retail Prices of Urad Dal,Unit - (Rs./Kg.),Tripura,73.79,81.39,88.62,114.4,110.2,112.4
201,Annual Average Retail Prices of Urad Dal,Unit - (Rs./Kg.),Uttar Pradesh,60.03,71.71,105.2,107.5,103.2,106.4
202,Annual Average Retail Prices of Urad Dal,Unit - (Rs./Kg.),Uttarakhand,81.68,79.95,99.53,107,110.8,104.1
203,Annual Average Retail Prices of Urad Dal,Unit - (Rs./Kg.),West Bengal,77.51,75.13,93.5,105.4,106.3,111.1
204,Annual Average Retail Prices of Moong Dal,Unit - (Rs./Kg.),Andaman and Nicobar,79.53,88.75,116.3,116.6,119.6,126.7
205,Annual Average Retail Prices of Moong Dal,Unit - (Rs./Kg.),Andhra Pradesh,74.31,82.01,107,108.6,107.6,112.8
206,Annual Average Retail Prices of Moong Dal,Unit - (Rs./Kg.),Arunachal Pradesh,85.35,91.93,116.9,118.5,119,117.9
207,Annual Average Retail Prices of Moong Dal,Unit - (Rs./Kg.),Assam,74.64,82.69,102.5,97.18,97.3,106.7
208,Annual Average Retail Prices of Moong Dal,Unit - (Rs./Kg.),Bihar,71.74,81.44,100.9,101.1,100.1,103
209,Annual Average Retail Prices of Moong Dal,Unit - (Rs./Kg.),Chandigarh,66.33,76.64,97.15,111.3,110.7,104.3
210,Annual Average Retail Prices of Moong Dal,Unit - (Rs./Kg.),Chhattisgarh,72.43,78.14,106.7,99.74,98.82,102.5
211,Annual Average Retail Prices of Moong Dal,Unit - (Rs./Kg.),Delhi,85.74,89.86,106.2,104.6,101.6,109.3
212,Annual Average Retail Prices of Moong Dal,Unit - (Rs./Kg.),Goa,92.47,100.9,122.5,115.2,115.8,119.6
213,Annual Average Retail Prices of Moong Dal,Unit - (Rs./Kg.),Gujarat,65.19,68.31,87.22,94,94.95,98.98
214,Annual Average Retail Prices of Moong Dal,Unit - (Rs./Kg.),Haryana,68.99,69.89,98.13,99.65,96.38,97.63
215,Annual Average Retail Prices of Moong Dal,Unit - (Rs./Kg.),Himachal Pradesh,71.47,79.26,100.6,98.93,97.17,104.7
216,Annual Average Retail Prices of Moong Dal,Unit - (Rs./Kg.),Jammu and Kashmir,71.39,87.3,104.9,107.8,109.3,114.6
217,Annual Average Retail Prices of Moong Dal,Unit - (Rs./Kg.),Jharkhand,72.8,86.86,105.6,98.58,98.66,103.4
218,Annual Average Retail Prices of Moong Dal,Unit - (Rs./Kg.),Karnataka,77.56,84.1,105.8,107.2,104.3,112.3
219,Annual Average Retail Prices of Moong Dal,Unit - (Rs./Kg.),Kerala,77.07,92.63,121.3,119.8,121.5,127.3
220,Annual Average Retail Prices of Moong Dal,Unit - (Rs./Kg.),Madhya Pradesh,64.38,74.4,86.44,99.15,94.92,101.1
221,Annual Average Retail Prices of Moong Dal,Unit - (Rs./Kg.),Maharashtra,77.31,81.98,105.5,114.2,105.3,111.3
222,Annual Average Retail Prices of Moong Dal,Unit - (Rs./Kg.),Manipur,100.7,103.6,127.4,124.7,105.6,114.1
223,Annual Average Retail Prices of Moong Dal,Unit - (Rs./Kg.),Meghalaya,77.54,90.43,124.6,112.7,111,111.4
224,Annual Average Retail Prices of Moong Dal,Unit - (Rs./Kg.),Mizoram,140,138.4,139.3,136.9,115.2,118
225,Annual Average Retail Prices of Moong Dal,Unit - (Rs./Kg.),Nagaland,77.85,80.15,105.4,107.4,118.6,118.8
226,Annual Average Retail Prices of Moong Dal,Unit - (Rs./Kg.),Orissa,69.19,81.11,97.42,98.54,96.38,102.7
227,Annual Average Retail Prices of Moong Dal,Unit - (Rs./Kg.),Puducherry,81.42,92.61,114.8,112.1,106.6,113.7
228,Annual Average Retail Prices of Moong Dal,Unit - (Rs./Kg.),Punjab,75.63,81.51,103.7,106.6,109.1,106.6
229,Annual Average Retail Prices of Moong Dal,Unit - (Rs./Kg.),Rajasthan,62.7,70.54,91.35,95.07,97.72,99.84
230,Annual Average Retail Prices of Moong Dal,Unit - (Rs./Kg.),Sikkim,84.91,90.14,116.4,112.1,114.3,117.8
231,Annual Average Retail Prices of Moong Dal,Unit - (Rs./Kg.),Tamil Nadu,76.35,90.07,111.1,106.1,104.7,113.7
232,Annual Average Retail Prices of Moong Dal,Unit - (Rs./Kg.),Telangana,74.49,79.07,105.7,102.3,99.47,104.4
233,Annual Average Retail Prices of Moong Dal,Unit - (Rs./Kg.),Dadra and Nagar Haveli and Daman and Diu,NA,NA,NA,NA,106.6,110.4
234,Annual Average Retail Prices of Moong Dal,Unit - (Rs./Kg.),Tripura,79.25,88.69,100.9,101.4,105.8,106.3
235,Annual Average Retail Prices of Moong Dal,Unit - (Rs./Kg.),Uttar Pradesh,69.04,77.66,99.56,100.5,98.95,103.8
236,Annual Average Retail Prices of Moong Dal,Unit - (Rs./Kg.),Uttarakhand,75.54,79.12,99.39,106.1,110,108.9
237,Annual Average Retail Prices of Moong Dal,Unit - (Rs./Kg.),West Bengal,78.83,81.92,100.7,112.2,109.5,116.3
238,Annual Average Retail Prices of Masoor Dal,Unit - (Rs./Kg.),Andaman and Nicobar,65.86,70.04,88.15,99.6,109.2,108.4
239,Annual Average Retail Prices of Masoor Dal,Unit - (Rs./Kg.),Andhra Pradesh,60.57,62.95,77.13,92.57,102.8,101.9
240,Annual Average Retail Prices of Masoor Dal,Unit - (Rs./Kg.),Arunachal Pradesh,80,69.03,84.12,106.7,107.7,102.7
241,Annual Average Retail Prices of Masoor Dal,Unit - (Rs./Kg.),Assam,61,65.3,74.06,86.94,90.48,92.21
242,Annual Average Retail Prices of Masoor Dal,Unit - (Rs./Kg.),Bihar,54.47,56.96,69.39,84.04,88.56,81.41
243,Annual Average Retail Prices of Masoor Dal,Unit - (Rs./Kg.),Chandigarh,49.63,53.61,67.25,87.48,90.77,94.17
244,Annual Average Retail Prices of Masoor Dal,Unit - (Rs./Kg.),Chhattisgarh,55.66,56.3,69.48,84.89,90.64,87.8
245,Annual Average Retail Prices of Masoor Dal,Unit - (Rs./Kg.),Delhi,71.86,73.03,78.46,88.65,94.55,89.27
246,Annual Average Retail Prices of Masoor Dal,Unit - (Rs./Kg.),Goa,71.02,74.57,83.51,93.07,103.7,98.14
247,Annual Average Retail Prices of Masoor Dal,Unit - (Rs./Kg.),Gujarat,54.3,55.21,64.82,82,92.52,95.77
248,Annual Average Retail Prices of Masoor Dal,Unit - (Rs./Kg.),Haryana,57.91,57.66,75.6,87.47,91.9,91.17
249,Annual Average Retail Prices of Masoor Dal,Unit - (Rs./Kg.),Himachal Pradesh,58.01,61.11,72.23,86.57,94.81,89.82
250,Annual Average Retail Prices of Masoor Dal,Unit - (Rs./Kg.),Jammu and Kashmir,61.84,67.7,78.84,94.99,103,101.1
251,Annual Average Retail Prices of Masoor Dal,Unit - (Rs./Kg.),Jharkhand,54.49,60.73,71.43,83.8,88.69,82.76
252,Annual Average Retail Prices of Masoor Dal,Unit - (Rs./Kg.),Karnataka,75.36,71.09,81.98,96.15,103.8,100.9
253,Annual Average Retail Prices of Masoor Dal,Unit - (Rs./Kg.),Kerala,66,70.94,80.61,97.83,113.8,110.6
254,Annual Average Retail Prices of Masoor Dal,Unit - (Rs./Kg.),Madhya Pradesh,53.38,57.74,65.57,83.98,89.14,88.34
255,Annual Average Retail Prices of Masoor Dal,Unit - (Rs./Kg.),Maharashtra,58.87,60.62,75.1,90.87,98.44,96.54
256,Annual Average Retail Prices of Masoor Dal,Unit - (Rs./Kg.),Manipur,80.04,80.23,91.6,91.13,93.03,96.19
257,Annual Average Retail Prices of Masoor Dal,Unit - (Rs./Kg.),Meghalaya,61.42,61.25,83.5,96.75,96.51,92.55
258,Annual Average Retail Prices of Masoor Dal,Unit - (Rs./Kg.),Mizoram,100,105.1,113.8,118.9,114.5,105.3
259,Annual Average Retail Prices of Masoor Dal,Unit - (Rs./Kg.),Nagaland,61.25,64.26,69.38,90.86,104.6,100
260,Annual Average Retail Prices of Masoor Dal,Unit - (Rs./Kg.),Orissa,50.98,56.41,69.49,83.11,89.68,79.89
261,Annual Average Retail Prices of Masoor Dal,Unit - (Rs./Kg.),Puducherry,58.55,66.58,78.91,93.41,100.6,90.13
262,Annual Average Retail Prices of Masoor Dal,Unit - (Rs./Kg.),Punjab,68.56,69.97,77.77,94.6,107.9,96.54
263,Annual Average Retail Prices of Masoor Dal,Unit - (Rs./Kg.),Rajasthan,53.18,55.26,67.46,86.04,93.81,89.97
264,Annual Average Retail Prices of Masoor Dal,Unit - (Rs./Kg.),Sikkim,71.45,71.52,83.76,95.01,106.2,103.6
265,Annual Average Retail Prices of Masoor Dal,Unit - (Rs./Kg.),Tamil Nadu,60.45,64.16,76.23,89.41,98.78,93.09
266,Annual Average Retail Prices of Masoor Dal,Unit - (Rs./Kg.),Telangana,69.99,63.69,71.34,78.62,93.89,91.96
267,Annual Average Retail Prices of Masoor Dal,Unit - (Rs./Kg.),Dadra and Nagar Haveli and Daman and Diu,NA,NA,NA,NA,105,102.9
268,Annual Average Retail Prices of Masoor Dal,Unit - (Rs./Kg.),Tripura,68.46,79.61,93.21,99.74,109.7,109.2
269,Annual Average Retail Prices of Masoor Dal,Unit - (Rs./Kg.),Uttar Pradesh,54.92,60.02,71.59,88.39,93.87,92.1
270,Annual Average Retail Prices of Masoor Dal,Unit - (Rs./Kg.),Uttarakhand,77.04,70.33,77.26,86.01,98.82,100.5
271,Annual Average Retail Prices of Masoor Dal,Unit - (Rs./Kg.),West Bengal,68.26,70.47,84.76,101.1,104.8,106.1
272,Annual Average Retail Prices of Groundnut Oil (Packed),Unit - (Rs./Kg.),Andaman and Nicobar,NA,NA,110,NA,214.8,226.9
273,Annual Average Retail Prices of Groundnut Oil (Packed),Unit - (Rs./Kg.),Andhra Pradesh,106.9,113.4,138.1,161.8,172.5,176.2
274,Annual Average Retail Prices of Groundnut Oil (Packed),Unit - (Rs./Kg.),Assam,NA,NA,NA,183.4,206.9,205
275,Annual Average Retail Prices of Groundnut Oil (Packed),Unit - (Rs./Kg.),Bihar,NA,NA,127.6,189,196.7,194
276,Annual Average Retail Prices of Groundnut Oil (Packed),Unit - (Rs./Kg.),Chandigarh,128,126.9,143.7,170.2,182.6,192.2
277,Annual Average Retail Prices of Groundnut Oil (Packed),Unit - (Rs./Kg.),Chhattisgarh,120.4,125.8,142.5,169.1,187.4,191.4
278,Annual Average Retail Prices of Groundnut Oil (Packed),Unit - (Rs./Kg.),Delhi,163.8,162.1,176.8,188.8,204.9,215.5
279,Annual Average Retail Prices of Groundnut Oil (Packed),Unit - (Rs./Kg.),Goa,163.1,166.3,180.9,185.2,201,202
280,Annual Average Retail Prices of Groundnut Oil (Packed),Unit - (Rs./Kg.),Gujarat,100.4,103,138.4,168.2,175.7,188.1
281,Annual Average Retail Prices of Groundnut Oil (Packed),Unit - (Rs./Kg.),Haryana,147.3,153.5,152.9,179.9,188.7,191
282,Annual Average Retail Prices of Groundnut Oil (Packed),Unit - (Rs./Kg.),Himachal Pradesh,144.6,140.9,139.7,177.5,189.4,204.1
283,Annual Average Retail Prices of Groundnut Oil (Packed),Unit - (Rs./Kg.),Jammu and Kashmir,NA,NA,NA,172.1,250,251.6
284,Annual Average Retail Prices of Groundnut Oil (Packed),Unit - (Rs./Kg.),Jharkhand,145.3,151.1,174.1,194.2,202.3,188.6
285,Annual Average Retail Prices of Groundnut Oil (Packed),Unit - (Rs./Kg.),Karnataka,137.3,137.6,152.9,172.3,187.3,182.1
286,Annual Average Retail Prices of Groundnut Oil (Packed),Unit - (Rs./Kg.),Kerala,129.1,153.9,177.1,199.4,211.6,224.8
287,Annual Average Retail Prices of Groundnut Oil (Packed),Unit - (Rs./Kg.),Madhya Pradesh,120.3,119,130,169.5,178.7,187.5
288,Annual Average Retail Prices of Groundnut Oil (Packed),Unit - (Rs./Kg.),Maharashtra,120,122.9,143.6,173.6,183.5,185.6
289,Annual Average Retail Prices of Groundnut Oil (Packed),Unit - (Rs./Kg.),Manipur,NA,NA,NA,119,180.7,186.2
290,Annual Average Retail Prices of Groundnut Oil (Packed),Unit - (Rs./Kg.),Meghalaya,105.1,117.3,164.6,156.9,172.9,146.5
291,Annual Average Retail Prices of Groundnut Oil (Packed),Unit - (Rs./Kg.),Mizoram,NA,103.7,NA,NA,187.7,174.7
292,Annual Average Retail Prices of Groundnut Oil (Packed),Unit - (Rs./Kg.),Nagaland,110.9,114.4,115.4,138.9,202.5,198
293,Annual Average Retail Prices of Groundnut Oil (Packed),Unit - (Rs./Kg.),Orissa,NA,NA,NA,NA,179.7,174.9
294,Annual Average Retail Prices of Groundnut Oil (Packed),Unit - (Rs./Kg.),Puducherry,125.2,134.1,166.6,168.2,173.2,199.9
295,Annual Average Retail Prices of Groundnut Oil (Packed),Unit - (Rs./Kg.),Punjab,140.7,139.3,153.5,186.1,208.4,197.4
296,Annual Average Retail Prices of Groundnut Oil (Packed),Unit - (Rs./Kg.),Rajasthan,120,130.1,156.3,182,192.7,186.7
297,Annual Average Retail Prices of Groundnut Oil (Packed),Unit - (Rs./Kg.),Tamil Nadu,139.2,153.6,171.4,192.1,202.5,213.6
298,Annual Average Retail Prices of Groundnut Oil (Packed),Unit - (Rs./Kg.),Telangana,108,108.2,131.7,156.6,169,169.2
299,Annual Average Retail Prices of Groundnut Oil (Packed),Unit - (Rs./Kg.),Dadra and Nagar Haveli and Daman and Diu,NA,NA,NA,NA,197.6,197.4
300,Annual Average Retail Prices of Groundnut Oil (Packed),Unit - (Rs./Kg.),Uttar Pradesh,129.5,128.2,140.5,185.2,188.2,189.4
301,Annual Average Retail Prices of Groundnut Oil (Packed),Unit - (Rs./Kg.),Uttarakhand,134.7,133.4,140.2,164.8,183.9,168.3
302,Annual Average Retail Prices of Groundnut Oil (Packed),Unit - (Rs./Kg.),West Bengal,124.3,127.1,138.1,160.7,191.3,199.9
303,Annual Average Retail Prices of Mustard Oil (Packed),Unit - (Rs./Kg.),Andaman and Nicobar,139.1,140.8,149.9,204.1,228.1,211.1
304,Annual Average Retail Prices of Mustard Oil (Packed),Unit - (Rs./Kg.),Andhra Pradesh,115.1,120.3,139.3,179.1,200.8,200.4
305,Annual Average Retail Prices of Mustard Oil (Packed),Unit - (Rs./Kg.),Arunachal Pradesh,120.8,126.6,140.3,146.4,164.8,159.2
306,Annual Average Retail Prices of Mustard Oil (Packed),Unit - (Rs./Kg.),Assam,90,90,119.5,169.9,180.9,158.3
307,Annual Average Retail Prices of Mustard Oil (Packed),Unit - (Rs./Kg.),Bihar,102.2,109.2,123.7,171.7,171.3,149.1
308,Annual Average Retail Prices of Mustard Oil (Packed),Unit - (Rs./Kg.),Chandigarh,101,99.11,108.1,157.4,182.7,173.7
309,Annual Average Retail Prices of Mustard Oil (Packed),Unit - (Rs./Kg.),Chhattisgarh,100.2,105.6,121,163.9,177.5,162.4
310,Annual Average Retail Prices of Mustard Oil (Packed),Unit - (Rs./Kg.),Delhi,120.2,120.2,137.9,175,188.6,147.5
311,Annual Average Retail Prices of Mustard Oil (Packed),Unit - (Rs./Kg.),Goa,152.1,148,153.4,170.4,180.6,173.2
312,Annual Average Retail Prices of Mustard Oil (Packed),Unit - (Rs./Kg.),Gujarat,86.76,88.97,100.1,156.7,173.3,168.3
313,Annual Average Retail Prices of Mustard Oil (Packed),Unit - (Rs./Kg.),Haryana,99.23,99.08,110.9,162.8,172.7,152.8
314,Annual Average Retail Prices of Mustard Oil (Packed),Unit - (Rs./Kg.),Himachal Pradesh,125,127.6,139.6,173.4,182.7,167
315,Annual Average Retail Prices of Mustard Oil (Packed),Unit - (Rs./Kg.),Jammu and Kashmir,118.6,129,156.6,183.3,197.1,177
316,Annual Average Retail Prices of Mustard Oil (Packed),Unit - (Rs./Kg.),Jharkhand,107.2,107.7,125.8,185.4,180,153.8
317,Annual Average Retail Prices of Mustard Oil (Packed),Unit - (Rs./Kg.),Karnataka,126,127.8,135.1,172.5,194.8,181.5
318,Annual Average Retail Prices of Mustard Oil (Packed),Unit - (Rs./Kg.),Kerala,144.6,137.5,138.3,185.7,213,208.2
319,Annual Average Retail Prices of Mustard Oil (Packed),Unit - (Rs./Kg.),Madhya Pradesh,89.65,94.95,104.7,158.5,173.2,147.7
320,Annual Average Retail Prices of Mustard Oil (Packed),Unit - (Rs./Kg.),Maharashtra,125.5,119.5,128.3,175.5,184.6,174.6
321,Annual Average Retail Prices of Mustard Oil (Packed),Unit - (Rs./Kg.),Manipur,109.1,108.8,124.3,144.7,182.1,199
322,Annual Average Retail Prices of Mustard Oil (Packed),Unit - (Rs./Kg.),Meghalaya,96.31,95.67,117.9,161,169.4,149.7
323,Annual Average Retail Prices of Mustard Oil (Packed),Unit - (Rs./Kg.),Mizoram,109,105.2,110.4,168,193.9,196.5
324,Annual Average Retail Prices of Mustard Oil (Packed),Unit - (Rs./Kg.),Nagaland,90,90.56,95.62,149.1,178.3,164.6
325,Annual Average Retail Prices of Mustard Oil (Packed),Unit - (Rs./Kg.),Orissa,102.6,106,125.4,181.2,187.8,153.6
326,Annual Average Retail Prices of Mustard Oil (Packed),Unit - (Rs./Kg.),Puducherry,132,132,135.1,168.7,184,172.2
327,Annual Average Retail Prices of Mustard Oil (Packed),Unit - (Rs./Kg.),Punjab,97.67,95.32,114.7,162.9,179.1,143.2
328,Annual Average Retail Prices of Mustard Oil (Packed),Unit - (Rs./Kg.),Rajasthan,95.3,99.53,114.5,170.8,179.1,159.6
329,Annual Average Retail Prices of Mustard Oil (Packed),Unit - (Rs./Kg.),Sikkim,123.1,121.8,136.8,193.3,208.9,189.8
330,Annual Average Retail Prices of Mustard Oil (Packed),Unit - (Rs./Kg.),Tamil Nadu,123.2,127.6,133.8,171,208.3,196.3
331,Annual Average Retail Prices of Mustard Oil (Packed),Unit - (Rs./Kg.),Telangana,97.12,121.9,129.5,161.2,189.6,179.3
332,Annual Average Retail Prices of Mustard Oil (Packed),Unit - (Rs./Kg.),Dadra and Nagar Haveli and Daman and Diu,NA,NA,NA,NA,179.3,166.8
333,Annual Average Retail Prices of Mustard Oil (Packed),Unit - (Rs./Kg.),Tripura,109.6,107.4,121.4,169.6,177.7,157.1
334,Annual Average Retail Prices of Mustard Oil (Packed),Unit - (Rs./Kg.),Uttar Pradesh,103.7,106.6,120.5,173.1,171.4,152.6
335,Annual Average Retail Prices of Mustard Oil (Packed),Unit - (Rs./Kg.),Uttarakhand,93.43,93.27,107.4,152.5,174.1,153.8
336,Annual Average Retail Prices of Mustard Oil (Packed),Unit - (Rs./Kg.),West Bengal,96.82,101.5,112.6,169.4,175.2,145.2
337,Annual Average Retail Prices of Vanaspati (Packed),Unit - (Rs./Kg.),Andaman and Nicobar,130,133.9,145.3,184.7,199.4,199.9
338,Annual Average Retail Prices of Vanaspati (Packed),Unit - (Rs./Kg.),Andhra Pradesh,68.43,68.11,80.03,120.5,141.7,119.1
339,Annual Average Retail Prices of Vanaspati (Packed),Unit - (Rs./Kg.),Arunachal Pradesh,98.44,96.57,94.75,114.4,168.9,146.6
340,Annual Average Retail Prices of Vanaspati (Packed),Unit - (Rs./Kg.),Assam,75,75,95.49,122.7,155.5,143.7
341,Annual Average Retail Prices of Vanaspati (Packed),Unit - (Rs./Kg.),Bihar,80.18,81.98,95.91,134.8,145.6,129.7
342,Annual Average Retail Prices of Vanaspati (Packed),Unit - (Rs./Kg.),Chandigarh,75.8,77.26,93.88,132.8,164.6,140
343,Annual Average Retail Prices of Vanaspati (Packed),Unit - (Rs./Kg.),Chhattisgarh,71.84,70.77,76.05,112.6,140.6,125.6
344,Annual Average Retail Prices of Vanaspati (Packed),Unit - (Rs./Kg.),Delhi,92.75,91.98,108,138.5,165.4,133.2
345,Annual Average Retail Prices of Vanaspati (Packed),Unit - (Rs./Kg.),Goa,114.5,117,124.9,153.2,170.3,146.3
346,Annual Average Retail Prices of Vanaspati (Packed),Unit - (Rs./Kg.),Gujarat,72.84,72.6,76.32,113.4,144.8,149.7
347,Annual Average Retail Prices of Vanaspati (Packed),Unit - (Rs./Kg.),Haryana,86.96,89.47,98.02,135.3,153,137.1
348,Annual Average Retail Prices of Vanaspati (Packed),Unit - (Rs./Kg.),Himachal Pradesh,90.31,89.59,102.8,139.9,156.4,140.1
349,Annual Average Retail Prices of Vanaspati (Packed),Unit - (Rs./Kg.),Jammu and Kashmir,97.27,106.9,131.2,147.7,171.4,156.3
350,Annual Average Retail Prices of Vanaspati (Packed),Unit - (Rs./Kg.),Jharkhand,73.62,70.29,90.07,129.8,142,127.5
351,Annual Average Retail Prices of Vanaspati (Packed),Unit - (Rs./Kg.),Karnataka,80.87,79.22,85.62,132.1,145.9,126.1
352,Annual Average Retail Prices of Vanaspati (Packed),Unit - (Rs./Kg.),Kerala,92.51,96.12,106.1,149.2,178.8,162.9
353,Annual Average Retail Prices of Vanaspati (Packed),Unit - (Rs./Kg.),Madhya Pradesh,70.45,74.69,83.55,128.7,143.4,123.7
354,Annual Average Retail Prices of Vanaspati (Packed),Unit - (Rs./Kg.),Maharashtra,82.46,75.35,92.87,138.5,154.6,132.9
355,Annual Average Retail Prices of Vanaspati (Packed),Unit - (Rs./Kg.),Manipur,87,86.74,108.4,160.6,183.5,158.7
356,Annual Average Retail Prices of Vanaspati (Packed),Unit - (Rs./Kg.),Meghalaya,75.05,78.63,91.16,139.2,152.4,142.1
357,Annual Average Retail Prices of Vanaspati (Packed),Unit - (Rs./Kg.),Mizoram,NA,NA,120,141.7,187.5,178.5
358,Annual Average Retail Prices of Vanaspati (Packed),Unit - (Rs./Kg.),Nagaland,110,109.9,110.4,115,185,200.7
359,Annual Average Retail Prices of Vanaspati (Packed),Unit - (Rs./Kg.),Orissa,74.84,70.73,88.42,127,138.9,121.1
360,Annual Average Retail Prices of Vanaspati (Packed),Unit - (Rs./Kg.),Puducherry,102.9,104.3,119.7,145.7,168.4,152
361,Annual Average Retail Prices of Vanaspati (Packed),Unit - (Rs./Kg.),Punjab,83.11,81.78,103.5,138.5,157.9,132.3
362,Annual Average Retail Prices of Vanaspati (Packed),Unit - (Rs./Kg.),Rajasthan,70.73,69.17,84.32,122.6,144.4,128.4
363,Annual Average Retail Prices of Vanaspati (Packed),Unit - (Rs./Kg.),Sikkim,77.96,76.05,87.76,133.2,156.3,135.7
364,Annual Average Retail Prices of Vanaspati (Packed),Unit - (Rs./Kg.),Tamil Nadu,92.91,86.76,97.16,133.3,153.7,129.1
365,Annual Average Retail Prices of Vanaspati (Packed),Unit - (Rs./Kg.),Telangana,69.29,70.79,78.1,103.2,141.3,124.4
366,Annual Average Retail Prices of Vanaspati (Packed),Unit - (Rs./Kg.),Dadra and Nagar Haveli and Daman and Diu,NA,NA,NA,NA,168.8,156.9
367,Annual Average Retail Prices of Vanaspati (Packed),Unit - (Rs./Kg.),Tripura,70,68.48,62,136.9,148.5,129.2
368,Annual Average Retail Prices of Vanaspati (Packed),Unit - (Rs./Kg.),Uttar Pradesh,80.3,81.05,93.63,135.2,148.3,134.3
369,Annual Average Retail Prices of Vanaspati (Packed),Unit - (Rs./Kg.),Uttarakhand,83.66,83.72,95.75,125.2,159.9,154.1
370,Annual Average Retail Prices of Vanaspati (Packed),Unit - (Rs./Kg.),West Bengal,80.13,79.76,87.3,118.6,129.9,116.9
371,Annual Average Retail Prices of Soya Oil (Packed),Unit - (Rs./Kg.),Andhra Pradesh,86.72,87.31,88.12,128.5,163.7,177.8
372,Annual Average Retail Prices of Soya Oil (Packed),Unit - (Rs./Kg.),Arunachal Pradesh,98.8,104.9,112.9,140.4,167.6,157.8
373,Annual Average Retail Prices of Soya Oil (Packed),Unit - (Rs./Kg.),Assam,90,90,114.1,146.6,157.5,149.4
374,Annual Average Retail Prices of Soya Oil (Packed),Unit - (Rs./Kg.),Bihar,94.27,98.47,113.9,154.7,156.5,141.2
375,Annual Average Retail Prices of Soya Oil (Packed),Unit - (Rs./Kg.),Chandigarh,86.61,88.71,103.3,141,164.2,149.9
376,Annual Average Retail Prices of Soya Oil (Packed),Unit - (Rs./Kg.),Chhattisgarh,88.08,89.81,98.71,140.7,154.5,138.1
377,Annual Average Retail Prices of Soya Oil (Packed),Unit - (Rs./Kg.),Delhi,100.8,102.9,120.5,152.6,168.4,141.8
378,Annual Average Retail Prices of Soya Oil (Packed),Unit - (Rs./Kg.),Goa,103.8,106,114.4,147.1,168,160.4
379,Annual Average Retail Prices of Soya Oil (Packed),Unit - (Rs./Kg.),Gujarat,82.54,85.02,94.93,133.6,157.3,163.5
380,Annual Average Retail Prices of Soya Oil (Packed),Unit - (Rs./Kg.),Haryana,95.83,95.98,105.9,148.7,156.5,138.3
381,Annual Average Retail Prices of Soya Oil (Packed),Unit - (Rs./Kg.),Himachal Pradesh,91.76,92.41,102.8,143,152.6,136.5
382,Annual Average Retail Prices of Soya Oil (Packed),Unit - (Rs./Kg.),Jammu and Kashmir,117.9,120.5,132.4,161.5,169.4,159.9
383,Annual Average Retail Prices of Soya Oil (Packed),Unit - (Rs./Kg.),Jharkhand,104.9,105.9,119.6,164.4,168.2,148
384,Annual Average Retail Prices of Soya Oil (Packed),Unit - (Rs./Kg.),Karnataka,84,82.72,92.47,145.6,160.1,147.7
385,Annual Average Retail Prices of Soya Oil (Packed),Unit - (Rs./Kg.),Kerala,93.29,95.13,108.7,NA,NA,NA
386,Annual Average Retail Prices of Soya Oil (Packed),Unit - (Rs./Kg.),Madhya Pradesh,81.64,87.25,92.86,140.9,147.3,124
387,Annual Average Retail Prices of Soya Oil (Packed),Unit - (Rs./Kg.),Maharashtra,83.92,85.47,97.6,144.5,151.1,125.3
388,Annual Average Retail Prices of Soya Oil (Packed),Unit - (Rs./Kg.),Manipur,113.9,119.6,130.7,155.2,176.9,190.3
389,Annual Average Retail Prices of Soya Oil (Packed),Unit - (Rs./Kg.),Meghalaya,97.53,95.87,116.4,152.9,159.1,150.6
390,Annual Average Retail Prices of Soya Oil (Packed),Unit - (Rs./Kg.),Mizoram,93,95.2,111.9,151.8,162.7,154.8
391,Annual Average Retail Prices of Soya Oil (Packed),Unit - (Rs./Kg.),Nagaland,91.82,104.1,107,156.7,180.3,172.4
392,Annual Average Retail Prices of Soya Oil (Packed),Unit - (Rs./Kg.),Orissa,93.74,97.71,98.65,127.9,161.9,143.9
393,Annual Average Retail Prices of Soya Oil (Packed),Unit - (Rs./Kg.),Punjab,88.88,91.66,105.9,149.4,164,136.8
394,Annual Average Retail Prices of Soya Oil (Packed),Unit - (Rs./Kg.),Rajasthan,84.59,89.03,104.1,148.2,166.6,148.3
395,Annual Average Retail Prices of Soya Oil (Packed),Unit - (Rs./Kg.),Sikkim,107,106.7,120.9,179.8,181.1,170.8
396,Annual Average Retail Prices of Soya Oil (Packed),Unit - (Rs./Kg.),Tamil Nadu,90,117.2,79.76,NA,NA,NA
397,Annual Average Retail Prices of Soya Oil (Packed),Unit - (Rs./Kg.),Telangana,82.74,87.33,92.57,141.1,166.3,156
398,Annual Average Retail Prices of Soya Oil (Packed),Unit - (Rs./Kg.),Dadra and Nagar Haveli and Daman and Diu,NA,NA,NA,NA,167.5,157.3
399,Annual Average Retail Prices of Soya Oil (Packed),Unit - (Rs./Kg.),Tripura,99.88,100.7,101.1,151.6,162.6,146.2
400,Annual Average Retail Prices of Soya Oil (Packed),Unit - (Rs./Kg.),Uttar Pradesh,91.93,93.77,107,148.8,156.7,144.5
401,Annual Average Retail Prices of Soya Oil (Packed),Unit - (Rs./Kg.),Uttarakhand,83.66,87.49,102.6,132.2,162.4,152.6
402,Annual Average Retail Prices of Soya Oil (Packed),Unit - (Rs./Kg.),West Bengal,85.7,90.21,100.7,145.6,152.2,131.9
403,Annual Average Retail Prices of Sunflower Oil (Packed),Unit - (Rs./Kg.),Andaman and Nicobar,113.3,114.2,143,184.7,205.4,189.2
404,Annual Average Retail Prices of Sunflower Oil (Packed),Unit - (Rs./Kg.),Andhra Pradesh,87.76,90.39,106.9,150.5,169.6,140.3
405,Annual Average Retail Prices of Sunflower Oil (Packed),Unit - (Rs./Kg.),Arunachal Pradesh,114,115.1,134.4,174.8,213.7,209.9
406,Annual Average Retail Prices of Sunflower Oil (Packed),Unit - (Rs./Kg.),Assam,100,100,124.8,166.8,179.3,167.8
407,Annual Average Retail Prices of Sunflower Oil (Packed),Unit - (Rs./Kg.),Bihar,106.4,116,132.6,181.2,190.1,180
408,Annual Average Retail Prices of Sunflower Oil (Packed),Unit - (Rs./Kg.),Chandigarh,88.78,91.4,108.9,155.2,170.8,177
409,Annual Average Retail Prices of Sunflower Oil (Packed),Unit - (Rs./Kg.),Chhattisgarh,93.28,97.2,106.9,151.1,171,158.7
410,Annual Average Retail Prices of Sunflower Oil (Packed),Unit - (Rs./Kg.),Delhi,109.2,114.1,133.8,182.4,199.3,169.3
411,Annual Average Retail Prices of Sunflower Oil (Packed),Unit - (Rs./Kg.),Goa,113.8,117,132.9,161,176.7,141.4
412,Annual Average Retail Prices of Sunflower Oil (Packed),Unit - (Rs./Kg.),Gujarat,83.83,85.95,95.57,152.3,169.7,167.5
413,Annual Average Retail Prices of Sunflower Oil (Packed),Unit - (Rs./Kg.),Haryana,101.3,100.2,113.4,165.3,176.1,174
414,Annual Average Retail Prices of Sunflower Oil (Packed),Unit - (Rs./Kg.),Himachal Pradesh,96.12,101.8,121.1,166.1,172.3,162.6
415,Annual Average Retail Prices of Sunflower Oil (Packed),Unit - (Rs./Kg.),Jammu and Kashmir,125.3,129,151.7,179.7,184.5,181
416,Annual Average Retail Prices of Sunflower Oil (Packed),Unit - (Rs./Kg.),Jharkhand,105.2,109.4,129.5,180.6,188.4,165.2
417,Annual Average Retail Prices of Sunflower Oil (Packed),Unit - (Rs./Kg.),Karnataka,86.2,90.27,109.3,156,168.9,140.6
418,Annual Average Retail Prices of Sunflower Oil (Packed),Unit - (Rs./Kg.),Kerala,92.07,97.97,111.9,158.5,172.7,141
419,Annual Average Retail Prices of Sunflower Oil (Packed),Unit - (Rs./Kg.),Madhya Pradesh,89.09,92.8,100.5,160.9,167.2,155.5
420,Annual Average Retail Prices of Sunflower Oil (Packed),Unit - (Rs./Kg.),Maharashtra,91.85,90.91,108.1,160.4,172.2,145.4
421,Annual Average Retail Prices of Sunflower Oil (Packed),Unit - (Rs./Kg.),Manipur,NA,NA,133.5,173,211,195.8
422,Annual Average Retail Prices of Sunflower Oil (Packed),Unit - (Rs./Kg.),Meghalaya,118.4,132.6,128.6,176,191.3,182.8
423,Annual Average Retail Prices of Sunflower Oil (Packed),Unit - (Rs./Kg.),Mizoram,98,95.95,112.6,167.4,206.2,180
424,Annual Average Retail Prices of Sunflower Oil (Packed),Unit - (Rs./Kg.),Nagaland,115,117.5,121.2,174.7,203.1,185.1
425,Annual Average Retail Prices of Sunflower Oil (Packed),Unit - (Rs./Kg.),Orissa,97.6,102.1,117.1,163.6,175.9,134.5
426,Annual Average Retail Prices of Sunflower Oil (Packed),Unit - (Rs./Kg.),Puducherry,94.6,98.03,116.2,147.6,158.6,124.5
427,Annual Average Retail Prices of Sunflower Oil (Packed),Unit - (Rs./Kg.),Punjab,105.2,101.6,118.4,174.6,196.1,166.4
428,Annual Average Retail Prices of Sunflower Oil (Packed),Unit - (Rs./Kg.),Rajasthan,93.3,100.6,120.8,184,189.2,170.9
429,Annual Average Retail Prices of Sunflower Oil (Packed),Unit - (Rs./Kg.),Sikkim,115.2,115.9,134.1,205.4,219.3,201.4
430,Annual Average Retail Prices of Sunflower Oil (Packed),Unit - (Rs./Kg.),Tamil Nadu,96.72,100.8,115.2,160.2,176.4,131.8
431,Annual Average Retail Prices of Sunflower Oil (Packed),Unit - (Rs./Kg.),Telangana,86.45,92.09,105.9,150.4,171.6,149.1
432,Annual Average Retail Prices of Sunflower Oil (Packed),Unit - (Rs./Kg.),Dadra and Nagar Haveli and Daman and Diu,NA,NA,NA,NA,193.9,174.4
433,Annual Average Retail Prices of Sunflower Oil (Packed),Unit - (Rs./Kg.),Tripura,NA,NA,NA,174.4,190.8,176.9
434,Annual Average Retail Prices of Sunflower Oil (Packed),Unit - (Rs./Kg.),Uttar Pradesh,106.3,108.7,121.4,167.7,177.9,167.1
435,Annual Average Retail Prices of Sunflower Oil (Packed),Unit - (Rs./Kg.),Uttarakhand,105.7,104.3,120.2,150.5,175.1,161.8
436,Annual Average Retail Prices of Sunflower Oil (Packed),Unit - (Rs./Kg.),West Bengal,93,95.3,107.2,161.3,170.7,151.3
437,Annual Average Retail Prices of Palm Oil (Packed),Unit - (Rs./Kg.),Andaman and Nicobar,99.7,93.46,116.3,153.5,156.5,132.9
438,Annual Average Retail Prices of Palm Oil (Packed),Unit - (Rs./Kg.),Andhra Pradesh,70.48,68.95,88.16,124,131.3,108.4
439,Annual Average Retail Prices of Palm Oil (Packed),Unit - (Rs./Kg.),Arunachal Pradesh,85,NA,NA,110,138,138
440,Annual Average Retail Prices of Palm Oil (Packed),Unit - (Rs./Kg.),Assam,NA,NA,100.1,129.7,137.1,118.5
441,Annual Average Retail Prices of Palm Oil (Packed),Unit - (Rs./Kg.),Bihar,74.1,72.29,94.38,133.5,134.7,115.7
442,Annual Average Retail Prices of Palm Oil (Packed),Unit - (Rs./Kg.),Chandigarh,NA,NA,NA,119.4,137.8,120.9
443,Annual Average Retail Prices of Palm Oil (Packed),Unit - (Rs./Kg.),Chhattisgarh,83.78,77.15,86.25,126.5,142.4,123.2
444,Annual Average Retail Prices of Palm Oil (Packed),Unit - (Rs./Kg.),Delhi,84.62,79.73,103.1,128.9,142.5,110.7
445,Annual Average Retail Prices of Palm Oil (Packed),Unit - (Rs./Kg.),Goa,84.19,81.18,101.1,131.2,131.4,103.7
446,Annual Average Retail Prices of Palm Oil (Packed),Unit - (Rs./Kg.),Gujarat,73.15,74.49,83.42,119.2,140,129.1
447,Annual Average Retail Prices of Palm Oil (Packed),Unit - (Rs./Kg.),Haryana,79.3,80.51,88.51,127.3,137.2,116.5
448,Annual Average Retail Prices of Palm Oil (Packed),Unit - (Rs./Kg.),Himachal Pradesh,81.91,77.27,87.96,132.6,140.2,122.5
449,Annual Average Retail Prices of Palm Oil (Packed),Unit - (Rs./Kg.),Jammu and Kashmir,101.1,102,130.7,139.5,150.2,138.8
450,Annual Average Retail Prices of Palm Oil (Packed),Unit - (Rs./Kg.),Jharkhand,86.23,84.71,105,131.9,132.3,115.1
451,Annual Average Retail Prices of Palm Oil (Packed),Unit - (Rs./Kg.),Karnataka,73.29,71.97,89.61,130.3,132.5,103.5
452,Annual Average Retail Prices of Palm Oil (Packed),Unit - (Rs./Kg.),Kerala,75,75.73,95.49,133.6,136.3,108.5
453,Annual Average Retail Prices of Palm Oil (Packed),Unit - (Rs./Kg.),Madhya Pradesh,70.87,76.32,79.33,105.9,118.8,117.9
454,Annual Average Retail Prices of Palm Oil (Packed),Unit - (Rs./Kg.),Maharashtra,74.78,73.66,91.67,131.3,134.3,109.4
455,Annual Average Retail Prices of Palm Oil (Packed),Unit - (Rs./Kg.),Manipur,98,97.7,113.3,120.7,145.7,130.8
456,Annual Average Retail Prices of Palm Oil (Packed),Unit - (Rs./Kg.),Meghalaya,84.92,86.98,119.2,135.4,143.3,139.4
457,Annual Average Retail Prices of Palm Oil (Packed),Unit - (Rs./Kg.),Mizoram,NA,NA,NA,140.7,140.6,131.4
458,Annual Average Retail Prices of Palm Oil (Packed),Unit - (Rs./Kg.),Nagaland,120,111.5,110,88.98,166.5,153.3
459,Annual Average Retail Prices of Palm Oil (Packed),Unit - (Rs./Kg.),Orissa,83.71,79.57,100.1,138.2,135.6,102.3
460,Annual Average Retail Prices of Palm Oil (Packed),Unit - (Rs./Kg.),Puducherry,80.08,75.43,98.07,125,125.4,101.7
461,Annual Average Retail Prices of Palm Oil (Packed),Unit - (Rs./Kg.),Punjab,NA,85.31,99.27,125.5,125.6,109.3
462,Annual Average Retail Prices of Palm Oil (Packed),Unit - (Rs./Kg.),Rajasthan,88.13,81.18,81.72,111.8,145.5,134.9
463,Annual Average Retail Prices of Palm Oil (Packed),Unit - (Rs./Kg.),Sikkim,NA,NA,NA,176,NA,NA
464,Annual Average Retail Prices of Palm Oil (Packed),Unit - (Rs./Kg.),Tamil Nadu,79.07,74.57,94.02,130.7,134.5,100.1
465,Annual Average Retail Prices of Palm Oil (Packed),Unit - (Rs./Kg.),Telangana,66.56,70.33,87.95,123.9,135.2,110.3
466,Annual Average Retail Prices of Palm Oil (Packed),Unit - (Rs./Kg.),Dadra and Nagar Haveli and Daman and Diu,NA,NA,NA,NA,126.7,116.8
467,Annual Average Retail Prices of Palm Oil (Packed),Unit - (Rs./Kg.),Tripura,NA,NA,NA,128.6,140,113.4
468,Annual Average Retail Prices of Palm Oil (Packed),Unit - (Rs./Kg.),Uttar Pradesh,79.71,80.83,94.06,129.4,132.1,115.8
469,Annual Average Retail Prices of Palm Oil (Packed),Unit - (Rs./Kg.),Uttarakhand,NA,69,80.05,NA,138.4,116.2
470,Annual Average Retail Prices of Palm Oil (Packed),Unit - (Rs./Kg.),West Bengal,70.73,70.46,80.98,122.8,132,107.3
471,Annual Average Retail Prices of Potato,Unit - (Rs./Kg.),Andaman and Nicobar,31.41,32.44,50,38.14,50.05,41.32
472,Annual Average Retail Prices of Potato,Unit - (Rs./Kg.),Andhra Pradesh,19.06,19.49,33.34,25.44,32.39,30.76
473,Annual Average Retail Prices of Potato,Unit - (Rs./Kg.),Arunachal Pradesh,19.07,28.9,40.52,32.5,31.49,24.52
474,Annual Average Retail Prices of Potato,Unit - (Rs./Kg.),Assam,17.82,15.35,28.68,17.6,23.55,17.38
475,Annual Average Retail Prices of Potato,Unit - (Rs./Kg.),Bihar,16.76,14.6,26.35,17.09,19.19,15.94
476,Annual Average Retail Prices of Potato,Unit - (Rs./Kg.),Chandigarh,14.98,15.6,25.21,16.26,20.27,16.92
477,Annual Average Retail Prices of Potato,Unit - (Rs./Kg.),Chhattisgarh,17.31,17.58,29.48,21.33,23.58,21.02
478,Annual Average Retail Prices of Potato,Unit - (Rs./Kg.),Delhi,24.73,21.57,32.35,18.67,23.04,19.98
479,Annual Average Retail Prices of Potato,Unit - (Rs./Kg.),Goa,26.12,28.93,37.24,30,34.06,31.69
480,Annual Average Retail Prices of Potato,Unit - (Rs./Kg.),Gujarat,15.95,18.06,27.02,21.24,23.18,24.55
481,Annual Average Retail Prices of Potato,Unit - (Rs./Kg.),Haryana,17.09,17.03,26.57,17.56,20.35,16.53
482,Annual Average Retail Prices of Potato,Unit - (Rs./Kg.),Himachal Pradesh,18.29,18.44,31.19,18.43,24.97,21.91
483,Annual Average Retail Prices of Potato,Unit - (Rs./Kg.),Jammu and Kashmir,20.77,21.85,33.96,25.56,27.94,24.46
484,Annual Average Retail Prices of Potato,Unit - (Rs./Kg.),Jharkhand,16.16,14.55,28.98,16.66,20.37,16.27
485,Annual Average Retail Prices of Potato,Unit - (Rs./Kg.),Karnataka,22.7,25.02,33.58,26.54,30.14,29.38
486,Annual Average Retail Prices of Potato,Unit - (Rs./Kg.),Kerala,29.86,29.37,41.49,33.68,39.14,32.64
487,Annual Average Retail Prices of Potato,Unit - (Rs./Kg.),Madhya Pradesh,17.43,14.84,27.41,19.97,20.65,18.14
488,Annual Average Retail Prices of Potato,Unit - (Rs./Kg.),Maharashtra,22.89,23,35.49,22.78,27.67,25.75
489,Annual Average Retail Prices of Potato,Unit - (Rs./Kg.),Manipur,27.47,24.83,38.34,21.39,30.03,24.41
490,Annual Average Retail Prices of Potato,Unit - (Rs./Kg.),Meghalaya,22.63,20.9,34.46,22.06,28.12,24.6
491,Annual Average Retail Prices of Potato,Unit - (Rs./Kg.),Mizoram,35.59,31.06,40.74,38.46,39.76,36.54
492,Annual Average Retail Prices of Potato,Unit - (Rs./Kg.),Nagaland,23.52,18.81,33.79,21.3,33.24,31.08
493,Annual Average Retail Prices of Potato,Unit - (Rs./Kg.),Orissa,14.21,14.36,27.03,15.87,22.28,17.04
494,Annual Average Retail Prices of Potato,Unit - (Rs./Kg.),Puducherry,24.65,24.13,35.74,29.4,35.28,25.21
495,Annual Average Retail Prices of Potato,Unit - (Rs./Kg.),Punjab,13.11,12.84,27.63,18.42,22.47,16.19
496,Annual Average Retail Prices of Potato,Unit - (Rs./Kg.),Rajasthan,13.32,13.04,27.31,20.01,23.72,20.19
497,Annual Average Retail Prices of Potato,Unit - (Rs./Kg.),Sikkim,26.13,22.22,41.09,33.3,33.94,29.99
498,Annual Average Retail Prices of Potato,Unit - (Rs./Kg.),Tamil Nadu,24.36,26.35,37.34,30.92,35.39,31.31
499,Annual Average Retail Prices of Potato,Unit - (Rs./Kg.),Telangana,22.17,23.29,33,24.18,24.11,27.15
500,Annual Average Retail Prices of Potato,Unit - (Rs./Kg.),Dadra and Nagar Haveli and Daman and Diu,NA,NA,NA,NA,22.92,22.76
501,Annual Average Retail Prices of Potato,Unit - (Rs./Kg.),Tripura,21.01,18.23,32.78,20.81,28.04,22.78
502,Annual Average Retail Prices of Potato,Unit - (Rs./Kg.),Uttar Pradesh,15.61,13.55,26.91,18.66,21.2,15.55
503,Annual Average Retail Prices of Potato,Unit - (Rs./Kg.),Uttarakhand,19.28,18.17,30.44,17.85,23.36,16.09
504,Annual Average Retail Prices of Potato,Unit - (Rs./Kg.),West Bengal,14.56,13,25.92,14.66,20.74,17.24
505,Annual Average Retail Prices of Onion,Unit - (Rs./Kg.),Andaman and Nicobar,35.55,64.86,57.86,52.74,47.11,44.37
506,Annual Average Retail Prices of Onion,Unit - (Rs./Kg.),Andhra Pradesh,19.42,27.86,32.34,30.06,27.2,23.74
507,Annual Average Retail Prices of Onion,Unit - (Rs./Kg.),Arunachal Pradesh,25.1,47.55,53.88,62.5,37.49,35.55
508,Annual Average Retail Prices of Onion,Unit - (Rs./Kg.),Assam,26.73,35.89,36.67,38.37,30.25,25.61
509,Annual Average Retail Prices of Onion,Unit - (Rs./Kg.),Bihar,20.89,30.41,30.89,29.51,24.53,20.8
510,Annual Average Retail Prices of Onion,Unit - (Rs./Kg.),Chandigarh,22.69,32.96,32.99,32.43,28.49,25.05
511,Annual Average Retail Prices of Onion,Unit - (Rs./Kg.),Chhattisgarh,23.34,32.47,37.05,30.67,26.27,23.93
512,Annual Average Retail Prices of Onion,Unit - (Rs./Kg.),Delhi,29.17,38.49,37.7,34.33,29.42,27.72
513,Annual Average Retail Prices of Onion,Unit - (Rs./Kg.),Goa,24.71,39.85,39.63,36.92,33.2,27.02
514,Annual Average Retail Prices of Onion,Unit - (Rs./Kg.),Gujarat,22.52,28.26,37.28,29.86,26.53,23.74
515,Annual Average Retail Prices of Onion,Unit - (Rs./Kg.),Haryana,25.23,32.62,33.51,29.22,22.91,21.81
516,Annual Average Retail Prices of Onion,Unit - (Rs./Kg.),Himachal Pradesh,25.06,32.97,36.7,33.07,29.72,27.59
517,Annual Average Retail Prices of Onion,Unit - (Rs./Kg.),Jammu and Kashmir,27,37.53,41.4,38.78,32.61,28.6
518,Annual Average Retail Prices of Onion,Unit - (Rs./Kg.),Jharkhand,20.6,32.74,33.39,31.49,29.27,21.05
519,Annual Average Retail Prices of Onion,Unit - (Rs./Kg.),Karnataka,23.53,32.24,37.23,31.11,27.77,24.15
520,Annual Average Retail Prices of Onion,Unit - (Rs./Kg.),Kerala,26.86,40.36,36.39,37.2,30.79,24.43
521,Annual Average Retail Prices of Onion,Unit - (Rs./Kg.),Madhya Pradesh,19.71,25.57,28.98,27.06,21.16,17.86
522,Annual Average Retail Prices of Onion,Unit - (Rs./Kg.),Maharashtra,22.42,31.62,38.13,31.33,25.65,21.54
523,Annual Average Retail Prices of Onion,Unit - (Rs./Kg.),Manipur,41.32,43.83,52.75,46.8,30.71,38.57
524,Annual Average Retail Prices of Onion,Unit - (Rs./Kg.),Meghalaya,34.86,41.16,46.81,45.51,42.07,34.51
525,Annual Average Retail Prices of Onion,Unit - (Rs./Kg.),Mizoram,45.94,47.17,66.6,56.08,57.11,50.84
526,Annual Average Retail Prices of Onion,Unit - (Rs./Kg.),Nagaland,41.64,37.87,46.34,44.96,43.17,43.93
527,Annual Average Retail Prices of Onion,Unit - (Rs./Kg.),Orissa,20.45,32.61,32.88,31.99,25.25,21.35
528,Annual Average Retail Prices of Onion,Unit - (Rs./Kg.),Puducherry,19.64,32.39,34.53,33.88,29.27,22.39
529,Annual Average Retail Prices of Onion,Unit - (Rs./Kg.),Punjab,24.71,34.14,37.33,35.21,29.75,24.01
530,Annual Average Retail Prices of Onion,Unit - (Rs./Kg.),Rajasthan,16.77,21.55,28.88,29.05,25.96,21.83
531,Annual Average Retail Prices of Onion,Unit - (Rs./Kg.),Sikkim,30.2,35.68,43.18,42.78,36.41,34.37
532,Annual Average Retail Prices of Onion,Unit - (Rs./Kg.),Tamil Nadu,21.79,40.9,36.15,34.61,29.68,25.19
533,Annual Average Retail Prices of Onion,Unit - (Rs./Kg.),Telangana,20,30.56,31.71,27.65,26.89,26.26
534,Annual Average Retail Prices of Onion,Unit - (Rs./Kg.),Dadra and Nagar Haveli and Daman and Diu,NA,NA,NA,NA,25.47,22.86
535,Annual Average Retail Prices of Onion,Unit - (Rs./Kg.),Tripura,31.88,40.77,40.91,41.57,34.13,27.69
536,Annual Average Retail Prices of Onion,Unit - (Rs./Kg.),Uttar Pradesh,22.75,29.94,33.19,32.7,25.03,21.75
537,Annual Average Retail Prices of Onion,Unit - (Rs./Kg.),Uttarakhand,30.14,31.81,37.78,33.99,30.03,22.02
538,Annual Average Retail Prices of Onion,Unit - (Rs./Kg.),West Bengal,26.03,31.47,37.33,35.19,29.48,23.15
539,Annual Average Retail Prices of Tomato,Unit - (Rs./Kg.),Andaman and Nicobar,39.84,60.18,64.26,68.4,74.53,78.22
540,Annual Average Retail Prices of Tomato,Unit - (Rs./Kg.),Andhra Pradesh,13.52,22.98,24.58,27.85,29.4,34.56
541,Annual Average Retail Prices of Tomato,Unit - (Rs./Kg.),Arunachal Pradesh,27.89,52.18,55.73,73.33,56.87,51.27
542,Annual Average Retail Prices of Tomato,Unit - (Rs./Kg.),Assam,36.73,43.99,49.97,35.72,45.32,37.61
543,Annual Average Retail Prices of Tomato,Unit - (Rs./Kg.),Bihar,25.81,30.17,37.6,33.27,38.4,33.37
544,Annual Average Retail Prices of Tomato,Unit - (Rs./Kg.),Chandigarh,21.89,31.18,33.65,32.84,38.59,36.59
545,Annual Average Retail Prices of Tomato,Unit - (Rs./Kg.),Chhattisgarh,16.55,26.93,32.89,26.12,29.33,30.59
546,Annual Average Retail Prices of Tomato,Unit - (Rs./Kg.),Delhi,29.18,39.58,39.65,33.82,36.91,41.89
547,Annual Average Retail Prices of Tomato,Unit - (Rs./Kg.),Goa,22.63,38.02,34.87,34.97,33.87,43.13
548,Annual Average Retail Prices of Tomato,Unit - (Rs./Kg.),Gujarat,25.6,26.22,29.75,26.66,36.74,43.35
549,Annual Average Retail Prices of Tomato,Unit - (Rs./Kg.),Haryana,25.5,33.7,33.68,27.94,31.02,35.08
550,Annual Average Retail Prices of Tomato,Unit - (Rs./Kg.),Himachal Pradesh,23.9,33.69,38.76,34.97,40.68,44.43
551,Annual Average Retail Prices of Tomato,Unit - (Rs./Kg.),Jammu and Kashmir,26.24,41.33,43.13,45.11,45.58,41.39
552,Annual Average Retail Prices of Tomato,Unit - (Rs./Kg.),Jharkhand,18.53,26.03,33.47,34.02,34.06,31.95
553,Annual Average Retail Prices of Tomato,Unit - (Rs./Kg.),Karnataka,13.64,28.6,23.35,27.64,29.7,33.12
554,Annual Average Retail Prices of Tomato,Unit - (Rs./Kg.),Kerala,19.94,29.69,28.1,40.69,39.27,45.83
555,Annual Average Retail Prices of Tomato,Unit - (Rs./Kg.),Madhya Pradesh,19.63,25.32,29.63,26.95,28.57,34.72
556,Annual Average Retail Prices of Tomato,Unit - (Rs./Kg.),Maharashtra,23.48,31.15,33.6,32.14,33.87,33.48
557,Annual Average Retail Prices of Tomato,Unit - (Rs./Kg.),Manipur,46.2,53.2,65.98,60.16,68.15,52.58
558,Annual Average Retail Prices of Tomato,Unit - (Rs./Kg.),Meghalaya,34.31,43.98,53.94,41.15,51.07,47.81
559,Annual Average Retail Prices of Tomato,Unit - (Rs./Kg.),Mizoram,68.74,71.38,81.5,51.42,67.29,62.84
560,Annual Average Retail Prices of Tomato,Unit - (Rs./Kg.),Nagaland,37.04,40.37,45.99,40.59,61.99,66.78
561,Annual Average Retail Prices of Tomato,Unit - (Rs./Kg.),Orissa,18.96,31.41,32.97,32.4,35.79,37.29
562,Annual Average Retail Prices of Tomato,Unit - (Rs./Kg.),Puducherry,11.59,22.84,20.62,24.25,25.36,25.33
563,Annual Average Retail Prices of Tomato,Unit - (Rs./Kg.),Punjab,22.74,32.39,38.35,36.88,37.67,43.1
564,Annual Average Retail Prices of Tomato,Unit - (Rs./Kg.),Rajasthan,15.42,24.31,32.67,32.2,34.38,33.84
565,Annual Average Retail Prices of Tomato,Unit - (Rs./Kg.),Sikkim,30,37.78,48.63,44.16,46.37,47.77
566,Annual Average Retail Prices of Tomato,Unit - (Rs./Kg.),Tamil Nadu,13.84,26.71,22.99,28.91,28.4,45.63
567,Annual Average Retail Prices of Tomato,Unit - (Rs./Kg.),Telangana,14.33,23.98,23.35,21.33,33.02,39.27
568,Annual Average Retail Prices of Tomato,Unit - (Rs./Kg.),Dadra and Nagar Haveli and Daman and Diu,NA,NA,NA,NA,23.43,51.29
569,Annual Average Retail Prices of Tomato,Unit - (Rs./Kg.),Tripura,31.1,40.87,44.85,42.49,46.02,46.41
570,Annual Average Retail Prices of Tomato,Unit - (Rs./Kg.),Uttar Pradesh,22.22,31.08,35.25,34.66,34.34,36.27
571,Annual Average Retail Prices of Tomato,Unit - (Rs./Kg.),Uttarakhand,28.8,32.06,34.53,30.4,34.77,31.86
572,Annual Average Retail Prices of Tomato,Unit - (Rs./Kg.),West Bengal,26.86,37.34,42.17,38.76,42.48,46.5
573,Annual Average Retail Prices of Sugar,Unit - (Rs./Kg.),Andaman and Nicobar,48.25,49.31,52.21,51.19,51.49,52.09
574,Annual Average Retail Prices of Sugar,Unit - (Rs./Kg.),Andhra Pradesh,40.2,39.6,41.83,40.59,40.61,41.11
575,Annual Average Retail Prices of Sugar,Unit - (Rs./Kg.),Arunachal Pradesh,43.38,44.75,52.72,54.71,49.6,50.36
576,Annual Average Retail Prices of Sugar,Unit - (Rs./Kg.),Assam,40.02,41.28,41.68,42.67,43.07,43.79
577,Annual Average Retail Prices of Sugar,Unit - (Rs./Kg.),Bihar,38.95,39.07,39.32,41.52,42.78,42.49
578,Annual Average Retail Prices of Sugar,Unit - (Rs./Kg.),Chandigarh,37.89,36.17,37.7,37.69,40.33,42.07
579,Annual Average Retail Prices of Sugar,Unit - (Rs./Kg.),Chhattisgarh,37.55,37.76,39.74,40,40.48,40.42
580,Annual Average Retail Prices of Sugar,Unit - (Rs./Kg.),Delhi,37.58,39.41,38.65,39.17,40.77,41
581,Annual Average Retail Prices of Sugar,Unit - (Rs./Kg.),Goa,38.23,39,38.45,38.94,39.8,40.51
582,Annual Average Retail Prices of Sugar,Unit - (Rs./Kg.),Gujarat,37.18,35.55,37.1,38.37,39.35,40.66
583,Annual Average Retail Prices of Sugar,Unit - (Rs./Kg.),Haryana,37.93,36.91,38.05,39.47,41.63,41.66
584,Annual Average Retail Prices of Sugar,Unit - (Rs./Kg.),Himachal Pradesh,39.53,39.35,39.86,40.66,42.12,42.99
585,Annual Average Retail Prices of Sugar,Unit - (Rs./Kg.),Jammu and Kashmir,44.95,44.57,43.39,44.81,48.05,50.39
586,Annual Average Retail Prices of Sugar,Unit - (Rs./Kg.),Jharkhand,39.02,39.58,40.11,41.22,42.51,42.98
587,Annual Average Retail Prices of Sugar,Unit - (Rs./Kg.),Karnataka,37.77,36.86,38.37,38.8,39.48,39.66
588,Annual Average Retail Prices of Sugar,Unit - (Rs./Kg.),Kerala,38.83,37.99,39.07,39.93,41.07,41.41
589,Annual Average Retail Prices of Sugar,Unit - (Rs./Kg.),Madhya Pradesh,38.27,37.08,38.32,40.14,40.65,40.79
590,Annual Average Retail Prices of Sugar,Unit - (Rs./Kg.),Maharashtra,37.7,38.21,39.49,39.44,40.19,40.54
591,Annual Average Retail Prices of Sugar,Unit - (Rs./Kg.),Manipur,49.26,49.77,48.88,50,46.06,46.73
592,Annual Average Retail Prices of Sugar,Unit - (Rs./Kg.),Meghalaya,44.43,42.9,44.36,44.92,44.77,45.31
593,Annual Average Retail Prices of Sugar,Unit - (Rs./Kg.),Mizoram,54.21,50.44,50,52.48,50.56,49.94
594,Annual Average Retail Prices of Sugar,Unit - (Rs./Kg.),Nagaland,43.85,46.26,47.85,46.56,50.39,50.11
595,Annual Average Retail Prices of Sugar,Unit - (Rs./Kg.),Orissa,38.46,39.76,40.71,41.43,42.85,42.24
596,Annual Average Retail Prices of Sugar,Unit - (Rs./Kg.),Puducherry,36.78,37.65,38.73,41.61,40.22,38.75
597,Annual Average Retail Prices of Sugar,Unit - (Rs./Kg.),Punjab,37.15,37.26,37.56,39.87,41.14,41.42
598,Annual Average Retail Prices of Sugar,Unit - (Rs./Kg.),Rajasthan,37.05,36.82,37.96,40.53,41.7,40.92
599,Annual Average Retail Prices of Sugar,Unit - (Rs./Kg.),Sikkim,44.33,44.12,44.85,46.27,47.96,48.28
600,Annual Average Retail Prices of Sugar,Unit - (Rs./Kg.),Tamil Nadu,37.12,37.71,39.42,39.27,39.69,40.42
601,Annual Average Retail Prices of Sugar,Unit - (Rs./Kg.),Telangana,39.61,36.48,37.38,37.37,39.28,39.78
602,Annual Average Retail Prices of Sugar,Unit - (Rs./Kg.),Dadra and Nagar Haveli and Daman and Diu,NA,NA,NA,NA,38.47,40.01
603,Annual Average Retail Prices of Sugar,Unit - (Rs./Kg.),Tripura,44.9,44.33,43.86,44.63,47.14,45.47
604,Annual Average Retail Prices of Sugar,Unit - (Rs./Kg.),Uttar Pradesh,37.81,38.34,39.12,40.87,41.36,41.22
605,Annual Average Retail Prices of Sugar,Unit - (Rs./Kg.),Uttarakhand,38.39,38.07,39.37,40.96,42.12,41.39
606,Annual Average Retail Prices of Sugar,Unit - (Rs./Kg.),West Bengal,40.94,39.69,40,40.62,42.13,44.34
607,Annual Average Retail Prices of Gur,Unit - (Rs./Kg.),Andaman and Nicobar,65.59,65.45,73.95,70.25,70.47,74.76
608,Annual Average Retail Prices of Gur,Unit - (Rs./Kg.),Andhra Pradesh,45.25,45.67,49.1,53.33,54.18,56.43
609,Annual Average Retail Prices of Gur,Unit - (Rs./Kg.),Arunachal Pradesh,60.4,58.27,65.8,60,74.41,76.19
610,Annual Average Retail Prices of Gur,Unit - (Rs./Kg.),Assam,45.33,45.04,45.31,44.96,50.47,54.77
611,Annual Average Retail Prices of Gur,Unit - (Rs./Kg.),Bihar,37.68,39.75,40.25,41.55,45.38,44.58
612,Annual Average Retail Prices of Gur,Unit - (Rs./Kg.),Chandigarh,32.96,32.08,35.9,44.46,48.75,51.5
613,Annual Average Retail Prices of Gur,Unit - (Rs./Kg.),Chhattisgarh,41.68,39.64,40.35,41.61,45.32,46.79
614,Annual Average Retail Prices of Gur,Unit - (Rs./Kg.),Delhi,52.54,53.5,55.96,49.86,53.5,50.48
615,Annual Average Retail Prices of Gur,Unit - (Rs./Kg.),Goa,55.54,55.21,51.53,55.64,55.25,54.94
616,Annual Average Retail Prices of Gur,Unit - (Rs./Kg.),Gujarat,46.62,42.81,45.9,46.73,46.41,48.54
617,Annual Average Retail Prices of Gur,Unit - (Rs./Kg.),Haryana,39.9,38.98,39.88,42.81,43,43.39
618,Annual Average Retail Prices of Gur,Unit - (Rs./Kg.),Himachal Pradesh,37.83,36.93,41.5,41.71,42.09,43.18
619,Annual Average Retail Prices of Gur,Unit - (Rs./Kg.),Jammu and Kashmir,42.07,43.21,45.02,45.16,46.75,47.43
620,Annual Average Retail Prices of Gur,Unit - (Rs./Kg.),Jharkhand,37.66,38.29,43.7,42.4,43.41,44.23
621,Annual Average Retail Prices of Gur,Unit - (Rs./Kg.),Karnataka,51.52,50.16,54.79,50.53,51.87,49.21
622,Annual Average Retail Prices of Gur,Unit - (Rs./Kg.),Kerala,52.8,50.79,55.04,57.88,59.08,59.44
623,Annual Average Retail Prices of Gur,Unit - (Rs./Kg.),Madhya Pradesh,39.93,38.9,41.9,42.9,42.32,43.02
624,Annual Average Retail Prices of Gur,Unit - (Rs./Kg.),Maharashtra,44.37,45.22,47.03,51.14,49.06,49.89
625,Annual Average Retail Prices of Gur,Unit - (Rs./Kg.),Manipur,64.18,69.53,70,68.5,77.02,82.76
626,Annual Average Retail Prices of Gur,Unit - (Rs./Kg.),Meghalaya,68.35,67.28,79.37,68.31,74.53,75.4
627,Annual Average Retail Prices of Gur,Unit - (Rs./Kg.),Mizoram,NA,117.2,113.8,109.2,106.1,99.86
628,Annual Average Retail Prices of Gur,Unit - (Rs./Kg.),Nagaland,55.85,60.03,60,60,71.44,78.87
629,Annual Average Retail Prices of Gur,Unit - (Rs./Kg.),Orissa,40,43.01,46.18,46.13,47.66,46.96
630,Annual Average Retail Prices of Gur,Unit - (Rs./Kg.),Puducherry,49.9,50.27,53.83,51.84,50.18,48.38
631,Annual Average Retail Prices of Gur,Unit - (Rs./Kg.),Punjab,40.42,38.28,42.92,48.93,51.09,47.29
632,Annual Average Retail Prices of Gur,Unit - (Rs./Kg.),Rajasthan,34.99,36.56,43.94,48.28,45.94,42.95
633,Annual Average Retail Prices of Gur,Unit - (Rs./Kg.),Sikkim,52.87,53.27,53.99,58.17,57.97,56.27
634,Annual Average Retail Prices of Gur,Unit - (Rs./Kg.),Tamil Nadu,51.55,52.05,55.01,53.19,52.53,53.15
635,Annual Average Retail Prices of Gur,Unit - (Rs./Kg.),Telangana,39.2,47.66,54.6,57.5,53.5,54.29
636,Annual Average Retail Prices of Gur,Unit - (Rs./Kg.),Dadra and Nagar Haveli and Daman and Diu,NA,NA,NA,NA,50.21,55.57
637,Annual Average Retail Prices of Gur,Unit - (Rs./Kg.),Tripura,52.99,53.19,54,47.87,53.37,63.32
638,Annual Average Retail Prices of Gur,Unit - (Rs./Kg.),Uttar Pradesh,37.05,38.1,40.92,44.37,45.81,44.59
639,Annual Average Retail Prices of Gur,Unit - (Rs./Kg.),Uttarakhand,38.15,37.76,41.28,43.74,46.6,47.54
640,Annual Average Retail Prices of Gur,Unit - (Rs./Kg.),West Bengal,42.11,42.62,46.81,46.65,51.31,50.83
641,Annual Average Retail Prices of Milk,Unit - (Rs./Litre),Andaman and Nicobar,57.8,58.34,61.2,63.25,66.63,69.53
642,Annual Average Retail Prices of Milk,Unit - (Rs./Litre),Andhra Pradesh,42,42.28,44.4,49.43,55.38,57.94
643,Annual Average Retail Prices of Milk,Unit - (Rs./Litre),Arunachal Pradesh,60.59,60.18,60,62,68.07,69.38
644,Annual Average Retail Prices of Milk,Unit - (Rs./Litre),Assam,56,56,56,62.91,66.58,68.89
645,Annual Average Retail Prices of Milk,Unit - (Rs./Litre),Bihar,39.76,40.19,41.8,46.16,50.56,53.53
646,Annual Average Retail Prices of Milk,Unit - (Rs./Litre),Chandigarh,44,43.97,47.12,52.67,55.22,56.08
647,Annual Average Retail Prices of Milk,Unit - (Rs./Litre),Chhattisgarh,41.39,43.71,45.85,50.24,54.64,57.95
648,Annual Average Retail Prices of Milk,Unit - (Rs./Litre),Delhi,42,43.31,46,46.96,50.39,52.97
649,Annual Average Retail Prices of Milk,Unit - (Rs./Litre),Goa,50,50,50.94,48.48,51.42,56.88
650,Annual Average Retail Prices of Milk,Unit - (Rs./Litre),Gujarat,50.68,50.92,51.93,50.73,53.72,56.4
651,Annual Average Retail Prices of Milk,Unit - (Rs./Litre),Haryana,44.1,43.88,51.62,53.21,55.87,58.65
652,Annual Average Retail Prices of Milk,Unit - (Rs./Litre),Himachal Pradesh,34.56,38.8,42.1,46.52,49.98,52.16
653,Annual Average Retail Prices of Milk,Unit - (Rs./Litre),Jammu and Kashmir,40.32,42.41,43.44,49.06,51.01,51.12
654,Annual Average Retail Prices of Milk,Unit - (Rs./Litre),Jharkhand,42,42.17,44.89,49.06,52.23,55.98
655,Annual Average Retail Prices of Milk,Unit - (Rs./Litre),Karnataka,35.99,36.37,37.89,42.62,42.89,46.29
656,Annual Average Retail Prices of Milk,Unit - (Rs./Litre),Kerala,43.02,43.18,44.89,46.73,47.81,53.66
657,Annual Average Retail Prices of Milk,Unit - (Rs./Litre),Madhya Pradesh,44.64,45.78,47.69,52.8,56.64,56.6
658,Annual Average Retail Prices of Milk,Unit - (Rs./Litre),Maharashtra,39.76,40.25,40.49,46.46,52.03,56.21
659,Annual Average Retail Prices of Milk,Unit - (Rs./Litre),Manipur,83.33,70.2,50,53.06,57.47,55.57
660,Annual Average Retail Prices of Milk,Unit - (Rs./Litre),Meghalaya,61.81,55.48,63.17,64.49,67.61,71.01
661,Annual Average Retail Prices of Milk,Unit - (Rs./Litre),Mizoram,66.42,70.91,68.85,72.35,73.74,74.45
662,Annual Average Retail Prices of Milk,Unit - (Rs./Litre),Nagaland,52.17,63.09,65.75,67.58,68.55,69.28
663,Annual Average Retail Prices of Milk,Unit - (Rs./Litre),Orissa,34.09,36.34,43.57,46.08,47.51,50.83
664,Annual Average Retail Prices of Milk,Unit - (Rs./Litre),Puducherry,36,38.05,42,42.87,44,44.97
665,Annual Average Retail Prices of Milk,Unit - (Rs./Litre),Punjab,45.02,45.9,44.99,50.21,53.77,56.5
666,Annual Average Retail Prices of Milk,Unit - (Rs./Litre),Rajasthan,39.28,40.11,43.98,44.88,47.6,50.89
667,Annual Average Retail Prices of Milk,Unit - (Rs./Litre),Sikkim,47.01,47,55.2,57.89,61.78,61.99
668,Annual Average Retail Prices of Milk,Unit - (Rs./Litre),Tamil Nadu,36.26,41.3,43.08,42.14,41.63,43.27
669,Annual Average Retail Prices of Milk,Unit - (Rs./Litre),Telangana,39.83,44.5,52.07,54.29,56.9,61.72
670,Annual Average Retail Prices of Milk,Unit - (Rs./Litre),Dadra and Nagar Haveli and Daman and Diu,NA,NA,NA,NA,53.37,58.29
671,Annual Average Retail Prices of Milk,Unit - (Rs./Litre),Tripura,40,45.15,55.01,64,67.36,71.05
672,Annual Average Retail Prices of Milk,Unit - (Rs./Litre),Uttar Pradesh,48,48.44,49.36,54.16,57.11,60.47
673,Annual Average Retail Prices of Milk,Unit - (Rs./Litre),Uttarakhand,42.5,43.69,44.59,49.12,57.52,61.07
674,Annual Average Retail Prices of Milk,Unit - (Rs./Litre),West Bengal,39.25,39.53,40.34,46,47.33,54.36
675,Annual Average Retail Prices of Tea Loose,Unit - (Rs./Kg.),Andaman and Nicobar,208,224.2,302.1,453.7,314,307.3
676,Annual Average Retail Prices of Tea Loose,Unit - (Rs./Kg.),Andhra Pradesh,207.7,204.7,203.3,329.7,340.1,325.9
677,Annual Average Retail Prices of Tea Loose,Unit - (Rs./Kg.),Arunachal Pradesh,359.4,344.3,342.3,345,276.1,301.8
678,Annual Average Retail Prices of Tea Loose,Unit - (Rs./Kg.),Assam,200,200,200,199.1,211.2,248.4
679,Annual Average Retail Prices of Tea Loose,Unit - (Rs./Kg.),Bihar,208.8,221.3,236.9,297.3,286.8,276.1
680,Annual Average Retail Prices of Tea Loose,Unit - (Rs./Kg.),Chandigarh,220,220,223.7,230.7,235,271.7
681,Annual Average Retail Prices of Tea Loose,Unit - (Rs./Kg.),Chhattisgarh,198,200.2,212.2,289.5,304.6,290
682,Annual Average Retail Prices of Tea Loose,Unit - (Rs./Kg.),Delhi,235.6,239.4,244,234,229.1,239.8
683,Annual Average Retail Prices of Tea Loose,Unit - (Rs./Kg.),Goa,240,241.5,239.6,293.1,309.1,324
684,Annual Average Retail Prices of Tea Loose,Unit - (Rs./Kg.),Gujarat,211.2,210.5,209.8,286.6,323,323.2
685,Annual Average Retail Prices of Tea Loose,Unit - (Rs./Kg.),Haryana,218.7,205.2,210.1,252.9,259.8,235.8
686,Annual Average Retail Prices of Tea Loose,Unit - (Rs./Kg.),Himachal Pradesh,181,212.6,221.8,273.8,263.8,267.1
687,Annual Average Retail Prices of Tea Loose,Unit - (Rs./Kg.),Jammu and Kashmir,245.7,250.8,269.9,298.9,324.5,313.7
688,Annual Average Retail Prices of Tea Loose,Unit - (Rs./Kg.),Jharkhand,274,280,273.1,239.9,286.3,289.3
689,Annual Average Retail Prices of Tea Loose,Unit - (Rs./Kg.),Karnataka,239.5,260.8,283.5,315.9,322.1,303.5
690,Annual Average Retail Prices of Tea Loose,Unit - (Rs./Kg.),Kerala,179.6,187.6,200.4,238.7,238.8,233.9
691,Annual Average Retail Prices of Tea Loose,Unit - (Rs./Kg.),Madhya Pradesh,218,219.1,228.9,300.9,268.9,252.2
692,Annual Average Retail Prices of Tea Loose,Unit - (Rs./Kg.),Maharashtra,236.4,236.8,238,281.2,282.5,290.5
693,Annual Average Retail Prices of Tea Loose,Unit - (Rs./Kg.),Manipur,235.3,220.7,231.9,313.9,266.6,255
694,Annual Average Retail Prices of Tea Loose,Unit - (Rs./Kg.),Meghalaya,230.7,247.7,287.6,356.4,347.9,354.4
695,Annual Average Retail Prices of Tea Loose,Unit - (Rs./Kg.),Mizoram,360,347.4,350,122,184.3,209
696,Annual Average Retail Prices of Tea Loose,Unit - (Rs./Kg.),Nagaland,199,180,182.9,140,295.2,308.9
697,Annual Average Retail Prices of Tea Loose,Unit - (Rs./Kg.),Orissa,189.9,193.7,204.8,220.5,233.1,275.4
698,Annual Average Retail Prices of Tea Loose,Unit - (Rs./Kg.),Puducherry,250,250,251.4,297.3,320.7,371.9
699,Annual Average Retail Prices of Tea Loose,Unit - (Rs./Kg.),Punjab,205.6,206.1,216.8,277.6,290.9,276.7
700,Annual Average Retail Prices of Tea Loose,Unit - (Rs./Kg.),Rajasthan,214,198.9,218,266.1,278.1,301.3
701,Annual Average Retail Prices of Tea Loose,Unit - (Rs./Kg.),Sikkim,299.8,300,316.1,487.7,523.4,441.1
702,Annual Average Retail Prices of Tea Loose,Unit - (Rs./Kg.),Tamil Nadu,216.5,221.7,226.3,260.3,271.8,286.4
703,Annual Average Retail Prices of Tea Loose,Unit - (Rs./Kg.),Telangana,185.8,195.6,228,286.6,289.8,296.2
704,Annual Average Retail Prices of Tea Loose,Unit - (Rs./Kg.),Dadra and Nagar Haveli and Daman and Diu,NA,NA,NA,NA,236,262.5
705,Annual Average Retail Prices of Tea Loose,Unit - (Rs./Kg.),Tripura,178,173.4,178,179.6,189.4,211
706,Annual Average Retail Prices of Tea Loose,Unit - (Rs./Kg.),Uttar Pradesh,196,194.3,204.9,278.8,275.5,244.4
707,Annual Average Retail Prices of Tea Loose,Unit - (Rs./Kg.),Uttarakhand,207.1,211.1,230,242.2,266.9,260.9
708,Annual Average Retail Prices of Tea Loose,Unit - (Rs./Kg.),West Bengal,186,185.7,191.9,249.6,260.9,282.3
709,Annual Average Retail Prices of Salt Pack (Iodised),Unit - (Rs./Kg.),Andaman and Nicobar,12,12.53,17.16,19.44,19.84,20.53
710,Annual Average Retail Prices of Salt Pack (Iodised),Unit - (Rs./Kg.),Andhra Pradesh,13.39,13.59,14.43,16.63,19.13,21.13
711,Annual Average Retail Prices of Salt Pack (Iodised),Unit - (Rs./Kg.),Arunachal Pradesh,14,13.34,12.89,13.29,19.43,18.95
712,Annual Average Retail Prices of Salt Pack (Iodised),Unit - (Rs./Kg.),Assam,12,12,14.16,14.35,12.38,13.16
713,Annual Average Retail Prices of Salt Pack (Iodised),Unit - (Rs./Kg.),Bihar,13.63,14.24,13.79,17.62,20.31,21.95
714,Annual Average Retail Prices of Salt Pack (Iodised),Unit - (Rs./Kg.),Chandigarh,16,15.98,19.11,20.71,23.12,26.17
715,Annual Average Retail Prices of Salt Pack (Iodised),Unit - (Rs./Kg.),Chhattisgarh,11.04,10.55,13.03,15.92,18.45,22.47
716,Annual Average Retail Prices of Salt Pack (Iodised),Unit - (Rs./Kg.),Delhi,17.67,18.56,19.76,20.11,24.08,25.97
717,Annual Average Retail Prices of Salt Pack (Iodised),Unit - (Rs./Kg.),Goa,17,18.78,16.6,18.64,22.3,23.76
718,Annual Average Retail Prices of Salt Pack (Iodised),Unit - (Rs./Kg.),Gujarat,14.69,14.23,13.4,14.59,14.25,13.97
719,Annual Average Retail Prices of Salt Pack (Iodised),Unit - (Rs./Kg.),Haryana,18.29,18,18.85,19.35,22.4,25.01
720,Annual Average Retail Prices of Salt Pack (Iodised),Unit - (Rs./Kg.),Himachal Pradesh,17.85,18.9,20,20.73,24.41,27.03
721,Annual Average Retail Prices of Salt Pack (Iodised),Unit - (Rs./Kg.),Jammu and Kashmir,18.37,19.49,20.29,21.32,22.77,25.46
722,Annual Average Retail Prices of Salt Pack (Iodised),Unit - (Rs./Kg.),Jharkhand,18,18,19.89,18.31,20.26,23.7
723,Annual Average Retail Prices of Salt Pack (Iodised),Unit - (Rs./Kg.),Karnataka,11.14,11.63,12.47,15.26,17.54,18.99
724,Annual Average Retail Prices of Salt Pack (Iodised),Unit - (Rs./Kg.),Kerala,10.58,11.1,11.51,12.6,13.89,14.29
725,Annual Average Retail Prices of Salt Pack (Iodised),Unit - (Rs./Kg.),Madhya Pradesh,15.14,14.53,14.53,16.85,18.25,18.81
726,Annual Average Retail Prices of Salt Pack (Iodised),Unit - (Rs./Kg.),Maharashtra,16.5,16.15,17.67,20.34,21.28,23.35
727,Annual Average Retail Prices of Salt Pack (Iodised),Unit - (Rs./Kg.),Manipur,15,15.05,15.34,17.55,13.78,18.96
728,Annual Average Retail Prices of Salt Pack (Iodised),Unit - (Rs./Kg.),Meghalaya,17.74,18.28,19.2,19.85,22.04,23.14
729,Annual Average Retail Prices of Salt Pack (Iodised),Unit - (Rs./Kg.),Mizoram,22,20.98,23.45,22.85,26.46,27.96
730,Annual Average Retail Prices of Salt Pack (Iodised),Unit - (Rs./Kg.),Nagaland,11.07,10,10,13,17.23,17.65
731,Annual Average Retail Prices of Salt Pack (Iodised),Unit - (Rs./Kg.),Orissa,17.67,18.66,19.77,20.44,23.38,25.23
732,Annual Average Retail Prices of Salt Pack (Iodised),Unit - (Rs./Kg.),Puducherry,17.55,18.08,19,19,22.21,24.47
733,Annual Average Retail Prices of Salt Pack (Iodised),Unit - (Rs./Kg.),Punjab,18.01,18.55,18.9,23.35,26.19,26.24
734,Annual Average Retail Prices of Salt Pack (Iodised),Unit - (Rs./Kg.),Rajasthan,15.25,15.19,17.3,20.57,20.51,20.06
735,Annual Average Retail Prices of Salt Pack (Iodised),Unit - (Rs./Kg.),Sikkim,17.99,18,18,16.99,17.5,18.78
736,Annual Average Retail Prices of Salt Pack (Iodised),Unit - (Rs./Kg.),Tamil Nadu,17.22,17.41,17.89,19.12,22.18,24.49
737,Annual Average Retail Prices of Salt Pack (Iodised),Unit - (Rs./Kg.),Telangana,13.2,12.55,14.63,17.05,17.66,18.02
738,Annual Average Retail Prices of Salt Pack (Iodised),Unit - (Rs./Kg.),Dadra and Nagar Haveli and Daman and Diu,NA,NA,NA,NA,23.23,23.87
739,Annual Average Retail Prices of Salt Pack (Iodised),Unit - (Rs./Kg.),Tripura,19,19,19.85,10.03,10.22,10.36
740,Annual Average Retail Prices of Salt Pack (Iodised),Unit - (Rs./Kg.),Uttar Pradesh,17.29,18.18,19.58,20.84,23.37,25.95
741,Annual Average Retail Prices of Salt Pack (Iodised),Unit - (Rs./Kg.),Uttarakhand,18,18.66,20,20.41,24.4,28.12
742,Annual Average Retail Prices of Salt Pack (Iodised),Unit - (Rs./Kg.),West Bengal,11.59,11.25,10.87,15.77,16.51,21.08
